CartoSanté; ; 
Référentiel géographique : France par territoire de vie-santé 2019; ; 
Code;Libellé;Densité de généralistes lib. 2016
01004;Ambérieu-en-Bugey;8.6
01033;Bellegarde-sur-Valserine;6.5
01034;Belley;9.9
01043;Beynost;7.1
01053;Bourg-en-Bresse;10.9
01093;Châtillon-sur-Chalaronne;6.7
01134;Crottet;5.6
01143;Divonne-les-Bains;10.1
01160;Ferney-Voltaire;7
01173;Gex;6.6
01185;Hauteville-Lompnes;4
01194;Jassans-Riottier;7.5
01202;Lagnieu;6.5
01244;Meximieux;6.7
01249;Miribel;6.3
01262;Montluel;4.7
01266;Montrevel-en-Bresse;6.5
01269;Nantua;6.3
01283;Oyonnax;6.6
01289;Péronnas;6.6
01305;Pont-de-Vaux;9
01333;Saint-André-de-Corcy;9.8
01344;Saint-Denis-lès-Bourg;8.1
01348;Saint-Didier-sur-Chalaronne;4
01354;Saint-Genis-Pouilly;4.5
01419;Thoiry;3.4
01427;Trévoux;8.1
01443;Villars-les-Dombes;8.7
01451;Viriat;6.6
01457;Vonnas;4.6
02018;Anizy-le-Château;7.2
02095;Bohain-en-Vermandois;6.1
02141;La Capelle;6.8
02163;Charly-sur-Marne;4.3
02168;Château-Thierry;6.7
02173;Chauny;6.3
02305;Fère-en-Tardenois;5
02340;Gauchy;5.4
02361;Guise;5.2
02381;Hirson;7.7
02408;Laon;6.8
02468;Marle;6.7
02558;Le Nouvion-en-Thiérache;7.4
02691;Saint-Quentin;10.5
02722;Soissons;8.7
02738;Tergnier;5.9
02789;Vervins;5.4
02795;Vic-sur-Aisne;4.9
02810;Villers-Cotterêts;6.1
03023;Bellerive-sur-Allier;5.9
03036;Bourbon-l'Archambault;13.3
03082;Commentry;9
03084;Cosne-d'Allier;7
03095;Cusset;6.1
03101;Domérat;5.6
03102;Dompierre-sur-Besbre;8.7
03118;Gannat;8.4
03138;Lapalisse;10.4
03165;Le Mayet-de-Montagne;6.3
03185;Montluçon;11.7
03186;Montmarault;7.9
03190;Moulins;10.2
03236;Saint-Germain-des-Fossés;6.7
03254;Saint-Pourçain-sur-Sioule;6.4
03298;Varennes-sur-Allier;3.4
03310;Vichy;13.2
03321;Yzeure;6
04019;Barcelonnette;13.9
04039;Castellane;6.7
04049;Château-Arnoux-Saint-Auban;9.1
04070;Digne-les-Bains;11.2
04088;Forcalquier;12.9
04094;Gréoux-les-Bains;28.4
04112;Manosque;14
04143;Oraison;8.9
04166;Riez;10.4
04173;Saint-André-les-Alpes;11.4
04209;Sisteron;8.3
05006;L'Argentière-la-Bessée;10.5
05023;Briançon;9.4
05046;Embrun;11.1
05061;Gap;12.4
05065;Guillestre;9.9
05070;Laragne-Montéglin;5.8
05132;Saint-Bonnet-en-Champsaur;17.4
05179;Veynes;13.2
06004;Antibes;11.9
06011;Beaulieu-sur-Mer;14.8
06012;Beausoleil;13.8
06018;Biot;10
06027;Cagnes-sur-Mer;13
06029;Cannes;14.2
06030;Le Cannet;13.2
06033;Carros;7.5
06044;La Colle-sur-Loup;9.6
06048;Contes;8.1
06065;La Gaude;3.1
06069;Grasse;10
06079;Mandelieu-la-Napoule;11.1
06083;Menton;11.5
06084;Mouans-Sartoux;14.7
06085;Mougins;12
06088;Nice;13.6
06090;Pégomas;5.6
06095;Peymeinade;10.8
06099;Puget-Théniers;8.9
06104;Roquebrune-Cap-Martin;9.2
06105;Roquefort-les-Pins;10.2
06123;Saint-Laurent-du-Var;13.8
06130;Saint-Vallier-de-Thiey;5.1
06149;La Trinité;8.6
06152;Valbonne;18.2
06155;Vallauris;8
06157;Vence;12.5
06159;Villefranche-sur-Mer;15.3
06161;Villeneuve-Loubet;7.2
06163;Tende;0
07010;Annonay;8.4
07019;Aubenas;8.9
07042;Bourg-Saint-Andéol;9.2
07064;Le Cheylard;8.4
07102;Guilherand-Granges;18.4
07110;Joyeuse;10.5
07129;Lamastre;6.8
07132;Largentière;6.9
07186;Privas;8.6
07201;Ruoms;9.7
07204;Saint-Agrève;10.8
07281;Saint-Péray;12
07319;Le Teil;8.1
07324;Tournon-sur-Rhône;7.4
07330;Vallon-Pont-d'Arc;9.8
07331;Vals-les-Bains;11
07334;Les Vans;9.1
07338;Vernoux-en-Vivarais;10.1
07349;La Voulte-sur-Rhône;9.3
08090;Carignan;6.5
08105;Charleville-Mézières;8.9
08185;Fumay;9.5
08190;Givet;8.9
08302;Monthermé;5.2
08328;Nouzonville;7.3
08362;Rethel;7.2
08363;Revin;3.9
08367;Rocroi;8.3
08409;Sedan;7.6
08490;Vouziers;10.8
08491;Vrigne aux Bois;10.7
09032;Ax-les-Thermes;12.5
09122;Foix;12.2
09160;Lavelanet;9
09167;Lézat-sur-Lèze;12.9
09185;Mazères;11.4
09194;Mirepoix;5.4
09225;Pamiers;10.7
09261;Saint-Girons;8.8
09282;Saverdun;6.5
09306;Tarascon-sur-Ariège;8.6
10003;Aix-Villemaur-Pâlis;6.4
10006;Arcis-sur-Aube;5.6
10033;Bar-sur-Aube;6.3
10034;Bar-sur-Seine;6.5
10064;Brienne-le-Château;5.9
10081;La Chapelle-Saint-Luc;7.4
10268;Nogent-sur-Seine;5.2
10323;Romilly-sur-Seine;5.4
10333;Saint-André-les-Vergers;7.1
10343;Saint-Julien-les-Villas;5.1
10362;Sainte-Savine;6.8
10387;Troyes;10.4
11049;Bram;11.7
11069;Carcassonne;9.5
11076;Castelnaudary;7
11106;Coursan;9.9
11129;Espéraza;11.5
11202;Leucate;7.6
11203;Lézignan-Corbières;7.3
11206;Limoux;8.3
11262;Narbonne;11.4
11266;Port-la-Nouvelle;5.3
11304;Quillan;8.6
11315;Rieux-Minervois;10.4
11379;Sigean;12.3
11397;Trèbes;10
12033;Bozouls;12.2
12056;Baraqueville;4.4
12089;Decazeville;8.2
12094;Entraygues-sur-Truyère;8.9
12096;Espalion;9
12119;Laguiole;13.9
12120;Laissac-Sévérac l'Église;9.8
12133;Luc-la-Primaube;10.2
12138;Marcillac-Vallon;4.8
12145;Millau;10.4
12148;Montbazens;11.6
12164;Mur-de-Barrez;9.6
12169;Naucelle;9.6
12176;Onet-le-Château;4.5
12185;Pont-de-Salars;9.3
12197;Réquista;7.6
12198;Rieupeyroux;8.9
12199;Rignac;12.8
12202;Rodez;9.6
12208;Saint-Affrique;7.9
12224;Saint Geniez d'Olt et d'Aubrac;9.4
12270;Sévérac d'Aveyron;7
12300;Villefranche-de-Rouergue;8.2
13001;Aix-en-Provence;15.3
13002;Allauch;9.3
13004;Arles;13
13005;Aubagne;16.2
13007;Auriol;7.9
13014;Berre-l'Étang;9.5
13015;Bouc-Bel-Air;11.7
13019;Cabriès;8.4
13022;Cassis;13.6
13026;Châteauneuf-les-Martigues;4.2
13027;Châteaurenard;8
13028;La Ciotat;12.5
13031;La Destrousse;12.8
13032;Éguilles;10.3
13035;Eyguières;8.3
13037;La Fare-les-Oliviers;6.2
13039;Fos-sur-Mer;7.6
13040;Fuveau;10.5
13041;Gardanne;16.3
13042;Gémenos;7.2
13043;Gignac-la-Nerthe;12
13046;Gréasque;7.5
13047;Istres;9.7
13050;Lambesc;10.6
13051;Lançon-Provence;9.2
13053;Mallemort;10.7
13054;Marignane;12.9
13056;Martigues;10
13063;Miramas;6.3
13069;Pélissanne;8
13070;La Penne-sur-Huveaune;7.9
13071;Les Pennes-Mirabeau;9.3
13074;Peyrolles-en-Provence;6.9
13075;Plan-de-Cuques;11.4
13077;Port-de-Bouc;7.5
13078;Port-Saint-Louis-du-Rhône;8.1
13081;Rognac;5.1
13084;La Roque-d'Anthéron;11.2
13086;Roquevaire;7.9
13087;Rousset;7.3
13091;Saint-Cannat;7.7
13092;Saint-Chamas;10.5
13097;Saint-Martin-de-Crau;9.5
13098;Saint-Mitre-les-Remparts;8.6
13100;Saint-Rémy-de-Provence;15.1
13102;Saint-Victoret;12.2
13103;Salon-de-Provence;10.3
13104;Sausset-les-Pins;13.3
13105;Sénas;11.1
13106;Septèmes-les-Vallons;11.1
13110;Trets;11.4
13112;Velaux;12.8
13113;Venelles;9.4
13117;Vitrolles;13.7
13119;Carnoux-en-Provence;9.9
13201;Marseille 1er Arrondissement;14.6
13202;Marseille 2e Arrondissement;12.1
13203;Marseille 3e Arrondissement;13.8
13204;Marseille 4e Arrondissement;12.2
13205;Marseille 5e Arrondissement;12.3
13206;Marseille 6e Arrondissement;18.1
13207;Marseille 7e Arrondissement;13.1
13208;Marseille 8e Arrondissement;19.9
13209;Marseille 9e Arrondissement;11.8
13210;Marseille 10e Arrondissement;8
13211;Marseille 11e Arrondissement;10.2
13212;Marseille 12e Arrondissement;12
13213;Marseille 13e Arrondissement;10.7
13214;Marseille 14e Arrondissement;13
13215;Marseille 15e Arrondissement;8.7
13216;Marseille 16e Arrondissement;13.9
14020;Argences;9.6
14027;Les Monts d'Aunay;5.8
14047;Bayeux;7.2
14101;Bretteville-sur-Odon;9.2
14117;Cabourg;8.2
14118;Caen;16.7
14167;Colombelles;8.8
14174;Condé-en-Normandie;6.6
14191;Courseulles-sur-Mer;8.1
14220;Deauville;15.3
14225;Dives-sur-Mer;10.2
14228;Douvres-la-Délivrande;8.5
14258;Falaise;6.2
14327;Hérouville-Saint-Clair;12.3
14333;Honfleur;9.2
14341;Ifs;8.2
14342;Isigny-sur-Mer;8.4
14366;Lisieux;7.4
14370;Le Molay-Littry;4.4
14371;Livarot-Pays-d'Auge;8.8
14431;Mézidon Vallée d'Auge;5.9
14437;Mondeville;8.9
14478;Orbec;5
14488;Ouistreham;9.1
14514;Pont-l'Évêque;7.4
14654;Saint-Pierre-en-Auge;2.9
14689;Le Hom;5.9
14712;Saline;6.4
14715;Trouville-sur-Mer;9.5
14738;Verson;7.7
14752;Villers-Bocage;7.3
14754;Villers-sur-Mer;7.5
14762;Vire Normandie;6.7
15014;Aurillac;10.1
15119;Massiac;7.4
15120;Mauriac;9.3
15122;Maurs;6.7
15138;Murat;9.8
15162;Riom-ès-Montagnes;8.1
15187;Saint-Flour;8.9
16015;Angoulême;10.5
16028;Barbezieux-Saint-Hilaire;8.3
16070;Chabanais;5.2
16073;Chalais;9
16078;Champniers;6.4
16085;Chasseneuil-sur-Bonnieure;8.5
16090;Châteauneuf-sur-Charente;5.1
16102;Cognac;8.8
16106;Confolens;7.2
16113;La Couronne;6.2
16154;Gond-Pontouvre;8
16166;L'Isle-d'Espagnac;10.6
16167;Jarnac;7.3
16192;Roumazières-Loubert;5.5
16206;Mansle;11.1
16223;Montbron;5.6
16281;La Rochefoucauld;6.3
16286;Rouillac;9.2
16291;Ruelle-sur-Touvre;9.3
16292;Ruffec;9
16374;Soyaux;6.6
17003;Aigrefeuille-d'Aunis;8.8
17004;Île-d'Aix;40.2
17010;Angoulins;8.4
17019;Ars-en-Ré;15.8
17024;Aulnay;9.1
17028;Aytré;10.2
17093;Le Château-d'Oléron;9.3
17094;Châtelaillon-Plage;11.2
17131;Cozes;9.3
17140;Dolus-d'Oléron;15.4
17161;La Flotte;12.8
17168;Fouras;11.5
17172;Gémozac;7.7
17197;Jonzac;11.9
17200;Lagord;9.7
17218;Marans;10.3
17219;Marennes;10.3
17224;Matha;8.1
17240;Montendre;6.5
17241;Montguyon;8.6
17264;Nieul-sur-Mer;11
17274;Périgny;9
17283;Pons;7.7
17291;Puilboreau;12
17299;Rochefort;12
17300;La Rochelle;16.3
17306;Royan;12.1
17347;Saint-Jean-d'Angély;7.7
17385;Saint-Pierre-d'Oléron;12.2
17397;Saint-Savinien;6.6
17415;Saintes;11.6
17421;Saujon;7.2
17434;Surgères;8.1
17449;Tonnay-Charente;10.4
17452;La Tremblade;8.6
18003;Les Aix-d'Angillon;1.8
18015;Aubigny-sur-Nère;7.9
18033;Bourges;10.1
18057;Châteaumeillant;6
18087;Dun-sur-Auron;5.5
18108;La Guerche-sur-l'Aubois;5
18109;Henrichemont;6.8
18141;Mehun-sur-Yèvre;6.5
18197;Saint-Amand-Montrond;6.3
18205;Saint-Doulchard;7.3
18207;Saint-Florent-sur-Cher;3.6
18213;Saint-Germain-du-Puy;6
18241;Sancerre;7.5
18242;Sancoins;7.8
18279;Vierzon;6.7
19005;Allassac;6.6
19010;Argentat-sur-Dordogne;8.2
19019;Beaulieu-sur-Dordogne;12
19028;Bort-les-Orgues;9.7
19031;Brive-la-Gaillarde;11.5
19073;Égletons;7.8
19121;Lubersac;8.5
19123;Malemort;7.9
19136;Meymac;6.5
19138;Meyssac;8.6
19148;Neuvic;12.7
19153;Objat;7
19269;Treignac;17.5
19272;Tulle;7.3
19275;Ussel;6
19276;Uzerche;12
21023;Arnay-le-Duc;9.8
21038;Auxonne;6
21054;Beaune;10
21154;Châtillon-sur-Seine;7.1
21166;Chenôve;28.5
21171;Chevigny-Saint-Sauveur;8.6
21231;Dijon;10.3
21278;Fontaine-lès-Dijon;13.7
21292;Genlis;8.4
21317;Is-sur-Tille;7.5
21355;Longvic;6.5
21390;Marsannay-la-Côte;10.8
21425;Montbard;6.8
21464;Nuits-Saint-Georges;10.2
21501;Pouilly-en-Auxois;6.3
21515;Quetigny;9.9
21540;Saint-Apollinaire;9.5
21554;Saint-Jean-de-Losne;6.1
21584;Saulieu;7.7
21603;Semur-en-Auxois;9
21607;Seurre;4.8
21617;Talant;10.4
21663;Venarey-les-Laumes;5.3
22004;Bégard;9.2
22007;Binic;9.2
22016;Île-de-Bréhat;25.5
22020;Broons;9.4
22025;Callac;5.1
22046;Le Mené;10
22050;Dinan;8.4
22054;Erquy;15.4
22070;Guingamp;7.1
22093;Lamballe;4.7
22106;Langueux;4
22113;Lannion;9.4
22121;Lanvollon;5.7
22136;Loudéac;5.5
22143;Matignon;9.8
22147;Merdrignac;6.1
22162;Paimpol;9.5
22168;Perros-Guirec;11
22172;Plancoët;7.8
22186;Pléneuf-Val-André;8.2
22187;Plérin;8.5
22194;Plestin-les-Grèves;12
22203;Ploeuc-L'Hermitage;6.4
22206;Plouagat;7.6
22207;Plouaret;8.7
22215;Ploufragan;6
22222;Plouha;8.2
22251;Pordic;8.9
22259;Quévert;11.9
22262;Quintin;7
22266;Rostrenen;8.3
22278;Saint-Brieuc;13.5
22324;Saint-Quay-Perros;11.2
22360;Trégueux;5.5
22362;Tréguier;11
22389;Yffiniac;8.3
23008;Aubusson;9.1
23013;Auzances;9.6
23030;Bourganeuf;9.6
23031;Boussac;6.6
23075;Dun-le-Palestel;9.8
23076;Évaux-les-Bains;13
23096;Guéret;8.7
23176;La Souterraine;8.6
24035;Pays de Belvès;7.2
24037;Bergerac;7.4
24053;Boulazac Isle Manoire;7
24064;Brantôme en Périgord;10.1
24067;Le Bugue;9.8
24164;Excideuil;9.1
24167;Eymet;7.4
24223;Lalinde;6.5
24256;Marsac-sur-l'Isle;4.5
24291;Montignac;10.3
24294;Montpon-Ménestérol;4.2
24299;Mussidan;6.5
24309;Neuvic;6.4
24311;Nontron;7.4
24322;Périgueux;12.3
24352;Ribérac;8.6
24354;La Roche-Chalais;8.7
24372;Saint-Astier;6.7
24396;Saint-Cyprien;14.4
24520;Sarlat-la-Canéda;9.1
24547;Terrasson-Lavilledieu;6.8
24551;Thiviers;7.8
24557;Trélissac;9
24571;Vergt;9.9
25031;Audincourt;8.8
25047;Baume-les-Dames;8.3
25056;Besançon;14.2
25212;École-Valentin;8.5
25315;L'Isle-sur-le-Doubs;6.3
25334;Levier;8.9
25356;Maîche;6.5
25388;Montbéliard;11.1
25411;Morteau;7.1
25434;Ornans;13.7
25462;Pontarlier;8.8
25463;Pont-de-Roide-Vermondans;7.4
25527;Saint-Vit;7.8
25532;Saône;10.8
25578;Valdahon;8.1
25580;Valentigney;8
26037;Beaumont-lès-Valence;8.5
26057;Bourg-de-Péage;7.2
26058;Bourg-lès-Valence;6.6
26063;Buis-les-Baronnies;16.4
26064;Chabeuil;9.5
26108;Crest;10.8
26113;Die;11
26114;Dieulefit;8.7
26116;Donzère;9.8
26124;Étoile-sur-Rhône;6.7
26165;Livron-sur-Drôme;8.2
26198;Montélimar;9.5
26220;Nyons;11.6
26235;Pierrelatte;6.1
26252;Portes-lès-Valence;8.5
26281;Romans-sur-Isère;9.6
26301;Saint-Donat-sur-l'Herbasse;4.3
26307;Saint-Jean-en-Royans;9.3
26313;Saint-Marcel-lès-Valence;6.3
26324;Saint-Paul-Trois-Châteaux;5.9
26325;Saint-Rambert-d'Albon;8.8
26333;Saint-Vallier;6.1
26362;Valence;12.4
27016;Les Andelys;7.4
27051;Beaumont-le-Roger;6.2
27056;Bernay;7.5
27065;Beuzeville;7
27103;Bourg-Achard;6.9
27112;Breteuil;7.2
27116;Brionne;7.6
27165;Conches-en-Ouche;4.8
27198;Mesnils-sur-Iton;3.6
27226;Étrépagny;8.4
27229;Évreux;8.2
27230;Ézy-sur-Eure;6.7
27246;Fleury-sur-Andelle;9.6
27275;Gaillon;5.9
27284;Gisors;5.5
27375;Louviers;7.9
27428;Le Neubourg;4.8
27448;Pacy-sur-Eure;4.1
27467;Pont-Audemer;5.9
27469;Pont-de-l'Arche;7.3
27493;Romilly-sur-Andelle;7
27507;Saint-André-de-l'Eure;6.4
27562;Saint-Marcel;6.4
27679;Verneuil d'Avre et d'Iton;6.8
27681;Vernon;7.8
27701;Val-de-Reuil;8.9
28015;Auneau-Bleury-Saint-Symphorien;6.4
28051;Bonneval;3.3
28061;Brou;4.5
28085;Chartres;9.9
28088;Châteaudun;7.2
28089;Châteauneuf-en-Thymerais;4.9
28103;Cloyes-les-Trois-Rivières;5.3
28116;Courville-sur-Eure;4.8
28134;Dreux;7.5
28140;Épernon;6.5
28196;Illiers-Combray;4.3
28199;Janville;6.5
28214;La Loupe;4.8
28218;Lucé;7.9
28220;Luisant;5.4
28227;Maintenon;4.5
28229;Mainvilliers;9
28279;Nogent-le-Roi;6.2
28280;Nogent-le-Rotrou;7.6
28348;Saint-Lubin-des-Joncherets;2.1
28373;Senonches;6.9
28404;Vernouillet;3.4
28422;Les Villages Vovéens;4.5
29004;Bannalec;9.1
29019;Brest;12.6
29020;Briec;6.5
29024;Carhaix-Plouguer;7.4
29026;Châteaulin;11.4
29027;Châteauneuf-du-Faou;8.7
29039;Concarneau;9.1
29042;Crozon;9
29046;Douarnenez;6.7
29051;Ergué-Gabéric;9.8
29053;Le Faou;8.7
29058;Fouesnant;11.7
29061;Gouesnou;11.7
29069;Guilers;7.4
29075;Guipavas;9.3
29081;Huelgoat;6.3
29082;Île-de-Batz;20.7
29083;Île-de-Sein;43.5
29084;Île-Molène;0
29103;Landerneau;9.5
29105;Landivisiau;5.8
29124;Lesneven;10.2
29147;Mellac;6.4
29150;Moëlan-sur-Mer;8.9
29151;Morlaix;8.7
29155;Ouessant;11.6
29158;Penmarch;9.2
29160;Plabennec;8.2
29162;Pleyben;7.1
29174;Plonéour-Lanvern;4.8
29178;Ploudalmézeau;8.9
29185;Plouescat;8.3
29189;Plougastel-Daoulas;9.8
29195;Plouguerneau;7.7
29197;Plouhinec;10.4
29199;Plouigneau;5
29212;Plouzané;8.7
29217;Pont-Aven;9.4
29220;Pont-l'Abbé;14.1
29232;Quimper;11.9
29233;Quimperlé;9.7
29235;Le Relecq-Kerhuon;8.9
29241;Rosporden;7.7
29259;Saint-Pol-de-Léon;9.1
29260;Saint-Renan;9.3
29274;Scaër;7.8
29302;Pont-de-Buis-lès-Quimerch;10.5
2A01;Ajaccio;10
2A02;Vallée du Prunelli;6.7
2A03;Rive Sud;10.4
2A04;Cinarca;8.3
2A05;Taravo;11.6
2A06;Propriano-Sartène;8.2
2A07;Alta-Rocca;9.4
2A08;Gravona-Cruzini;5.3
2A09;Grand Sud;9.5
2A10;Cargèse;13.1
2A11;Vico;22.2
2B12;Aléria-Cervione;8.6
2B13;Calvi;9.8
2B14;Fiumorbu;7.1
2B15;Ile-Rousse;12.1
2B16;Casinca;9
2B17;Corte;8.1
2B18;Ponte-Leccia;4
2B19;Borgo-Biguglia;7.6
2B20;Nebbiu;6.5
2B21;Bastia;12.3
2B23;Cap Corse;12.1
30003;Aigues-Mortes;9
30007;Alès;11.8
30010;Anduze;9.1
30011;Les Angles;8.9
30028;Bagnols-sur-Cèze;8.9
30032;Beaucaire;6.7
30034;Bellegarde;10.4
30037;Bessèges;4.7
30062;Calvisson;8.5
30132;La Grand-Combe;4.5
30141;Laudun-l'Ardoise;8.7
30155;Manduel;7.5
30156;Marguerittes;9.9
30169;Milhaud;10.5
30189;Nîmes;13.5
30202;Pont-Saint-Esprit;7
30210;Quissac;10.2
30212;Remoulins;8.9
30221;Roquemaure;9.1
30227;Saint-Ambroix;3.8
30243;Saint-Christol-lès-Alès;8.1
30258;Saint-Gilles;7.5
30263;Saint-Hippolyte-du-Fort;10.6
30269;Saint-Jean-du-Gard;9.7
30305;Salindres;6.6
30321;Sommières;8.2
30334;Uzès;9.6
30341;Vauvert;7.6
30344;Vergèze;11.3
30350;Le Vigan;8.5
30351;Villeneuve-lès-Avignon;7
31020;Aspet;9.7
31022;Aucamville;14.4
31033;Auterive;8.7
31042;Bagnères-de-Luchon;14.2
31044;Balma;12.8
31056;Beauzelle;10.7
31066;Bessières;9.8
31069;Blagnac;13.7
31080;Boulogne-sur-Gesse;12.5
31098;Cadours;11.4
31106;Caraman;5.1
31107;Carbonne;9.7
31113;Castanet-Tolosan;11
31118;Castelnau-d'Estrétefonds;10.2
31135;Cazères;8.1
31149;Colomiers;10.9
31150;Cornebarrieu;17.4
31157;Cugnaux;12.4
31182;Fenouillet;6.3
31187;Fonsorbes;8.2
31202;Fronton;10.1
31232;Grenade;6.3
31239;L'Isle-en-Dodon;7.5
31254;Labège;11.9
31282;Launaguet;6.2
31291;Léguevin;6.9
31324;Martres-Tolosane;10.9
31358;Montastruc-la-Conseillère;10
31375;Montesquieu-Volvestre;13.3
31390;Montréjeau;7.7
31395;Muret;14.4
31396;Nailloux;8.1
31417;Pibrac;10.1
31421;Pins-Justaret;12
31424;Plaisance-du-Touch;11
31433;Portet-sur-Garonne;12.9
31445;Quint-Fonsegrives;11.1
31446;Ramonville-Saint-Agne;10.3
31451;Revel;10.5
31454;Rieumes;8.6
31458;Roques;13.6
31467;Saint-Alban;12.2
31483;Saint-Gaudens;11.1
31488;Saint-Jean;15.7
31490;Saint-Jory;9.4
31499;Saint-Lys;7.9
31506;Saint-Orens-de-Gameville;12.2
31523;Salies-du-Salat;13.8
31526;La Salvetat-Saint-Gilles;12
31547;Seysses;9.8
31555;Toulouse;12.1
31557;Tournefeuille;10.1
31561;L'Union;8.6
31572;Venerque;14.4
31573;Verfeil;9.5
31582;Villefranche-de-Lauragais;12.2
31584;Villemur-sur-Tarn;7.5
31588;Villeneuve-Tolosane;6.7
32013;Auch;11.5
32096;Cazaubon;23.8
32107;Condom;10.9
32119;Eauze;11.4
32132;Fleurance;6.9
32147;Gimont;9.3
32160;L'Isle-Jourdain;8
32208;Lectoure;11.8
32213;Lombez;10.5
32233;Marciac;8.8
32242;Masseube;13.8
32249;Mauvezin;8.5
32256;Mirande;6.3
32296;Nogaro;8.7
32319;Plaisance;10
32344;Riscle;12.1
32410;Samatan;9.6
32462;Vic-Fezensac;9.6
33003;Ambarès-et-Lagrave;8
33005;Andernos-les-Bains;11.9
33009;Arcachon;26
33011;Arès;8.4
33013;Artigues-près-Bordeaux;13.6
33036;Bazas;8.8
33039;Bègles;10.6
33051;Biganos;7.6
33056;Blanquefort;9.7
33058;Blaye;10.4
33063;Bordeaux;16.1
33067;Bourg;10.5
33069;Le Bouscat;15.4
33075;Bruges;9.1
33081;Cadillac;7.8
33090;Canéjan;18.8
33096;Carbon-Blanc;9.8
33104;Castelnau-de-Médoc;7.8
33108;Castillon-la-Bataille;9
33119;Cenon;27.5
33122;Cestas;12.8
33123;Cézac;7.5
33138;Coutras;6.5
33140;Créon;8.8
33162;Eysines;8.3
33167;Floirac;11
33192;Gradignan;13.7
33199;Gujan-Mestras;8.7
33200;Le Haillan;5.6
33213;La Brède;10.5
33214;Lacanau;8.7
33227;Langon;12.3
33234;Latresne;10.8
33236;Lège-Cap-Ferret;10.2
33238;Léognan;7.9
33240;Lesparre-Médoc;6.9
33243;Libourne;12.1
33249;Lormont;19.4
33273;Martignas-sur-Jalle;9.5
33281;Mérignac;10.7
33289;Monségur;6
33312;Parempuyre;10.1
33314;Pauillac;9.9
33318;Pessac;10.2
33327;Podensac;6
33334;Portets;14.9
33352;La Réole;8.6
33366;Saint-André-de-Cubzac;8.1
33389;Saint-Ciers-sur-Gironde;8
33397;Sainte-Eulalie;8.6
33402;Sainte-Foy-la-Grande;5.4
33422;Saint-Jean-d'Illac;10.7
33433;Saint-Loubès;8.7
33449;Saint-Médard-en-Jalles;11.4
33478;Saint-Seurin-sur-l'Isle;9.5
33498;Salles;8.9
33506;Sauveterre-de-Guyenne;8.8
33514;Soulac-sur-Mer;13.1
33519;Le Taillan-Médoc;9.2
33522;Talence;9.7
33527;Le Teich;6.7
33529;La Teste-de-Buch;15.4
33550;Villenave-d'Ornon;8.8
34003;Agde;12.3
34022;Baillargues;8.2
34023;Balaruc-les-Bains;30.4
34028;Bédarieux;9.9
34031;Bessan;9
34032;Béziers;11.5
34052;Capestang;9.1
34057;Castelnau-le-Lez;23.5
34058;Castries;9
34077;Clapiers;14.6
34079;Clermont-l'Hérault;13.6
34088;Cournonterral;11.1
34090;Le Crès;13.4
34095;Fabrègues;15.2
34101;Florensac;8
34108;Frontignan;10
34111;Ganges;12
34113;Gigean;11.4
34114;Gignac;11
34120;Jacou;12.8
34123;Juvignac;10.6
34129;Lattes;17.5
34142;Lodève;7.4
34145;Lunel;11
34147;Magalas;11
34150;Marseillan;15.4
34151;Marsillargues;8.3
34154;Mauguio;11.4
34157;Mèze;9.7
34162;Montagnac;5.7
34172;Montpellier;12.4
34192;Palavas-les-Flots;11.1
34194;Paulhan;7.4
34198;Pérols;12.1
34199;Pézenas;11.4
34213;Poussan;6.2
34239;Saint-André-de-Sangonis;7
34245;Saint-Chinian;7.4
34247;Saint-Clément-de-Rivière;9.2
34255;Saint-Gély-du-Fesc;11.5
34270;Saint-Jean-de-Védas;10.3
34276;Saint-Mathieu-de-Tréviers;7.7
34284;Saint-Pons-de-Thomières;11
34299;Sérignan;7.9
34300;Servian;6.5
34301;Sète;14.5
34327;Vendargues;11.9
34332;Vias;9
34336;Villeneuve-lès-Béziers;9.2
34344;La Grande-Motte;14.7
35001;Acigné;8.3
35004;Antrain;16.7
35006;Argentré-du-Plessis;5.9
35012;Bain-de-Bretagne;9.8
35023;Bédée;7.5
35024;Betton;8.6
35047;Bruz;10
35049;Cancale;7.4
35051;Cesson-Sévigné;12.8
35055;Chantepie;8.5
35066;Chartres-de-Bretagne;8.4
35068;Châteaubourg;7.2
35069;Châteaugiron;7.1
35085;Combourg;8.6
35093;Dinard;10.2
35095;Dol-de-Bretagne;7.3
35115;Fougères;6.4
35125;La Guerche-de-Bretagne;4.6
35126;Guichen;7
35129;Guipry;4.7
35136;Janzé;8.3
35152;Liffré;7.7
35162;Louvigné-du-Désert;4.5
35168;Val d'Anast;7.6
35173;Melesse;9.1
35184;Montauban-de-Bretagne;9.4
35188;Montfort-sur-Meu;6.7
35189;Montgermont;8.7
35196;Mordelles;8
35210;Pacé;10.9
35219;Pipriac;1.5
35223;Plélan-le-Grand;4.6
35236;Redon;6.8
35238;Rennes;12.4
35239;Retiers;5.8
35240;Le Rheu;9.3
35253;Saint-Aubin-du-Cormier;7.5
35257;Maen Roch;4.6
35278;Saint-Grégoire;25
35281;Saint-Jacques-de-la-Lande;10.6
35288;Saint-Malo;15.5
35297;Saint-Méen-le-Grand;4.8
35334;Thorigné-Fouillard;7.5
35337;Tinténiac;7.9
35352;Vern-sur-Seiche;8.2
35360;Vitré;7.4
36001;Aigurande;7.7
36006;Argenton-sur-Creuse;6.5
36018;Le Blanc;6.9
36031;Buzançais;7.1
36034;Chabris;2.6
36044;Châteauroux;7
36045;Châtillon-sur-Indre;9
36046;La Châtre;7.1
36063;Déols;4.6
36088;Issoudun;6.2
36093;Levroux;5
36228;Valençay;10.1
37003;Amboise;9.5
37014;Azay-le-Rideau;9.3
37018;Ballan-Miré;9.1
37022;Beaumont-en-Véron;9.7
37027;Bléré;6.7
37031;Bourgueil;6.9
37050;Chambray-lès-Tours;16.4
37063;Château-Renault;5.7
37072;Chinon;11.4
37104;Esvres;8
37109;Fondettes;10.6
37115;Descartes;6.3
37119;L'Île-Bouchard;7.4
37122;Joué-lès-Tours;9.8
37123;Langeais;7.7
37130;Ligueil;9.3
37132;Loches;9.6
37139;Luynes;3.3
37156;Montlouis-sur-Loire;10.3
37159;Monts;7.9
37167;Neuillé-Pont-Pierre;6
37195;La Riche;8.7
37196;Richelieu;10.7
37208;Saint-Avertin;9.8
37214;Saint-Cyr-sur-Loire;11.2
37226;Sainte-Maure-de-Touraine;4.4
37233;Saint-Pierre-des-Corps;7.5
37261;Tours;11.3
38001;Les Abrets en Dauphiné;6.8
38006;Allevard;11.5
38012;Aoste;12.9
38013;Apprieu;9.7
38022;Les Avenières Veyrins-Thuellin;3.4
38034;Beaurepaire;3.5
38052;Le Bourg-d'Oisans;13.4
38053;Bourgoin-Jallieu;12.1
38085;Charvieu-Chavagneux;5
38130;La Côte-Saint-André;10.8
38138;Crémieu;7.4
38140;Crolles;13
38150;Domène;9.3
38151;Échirolles;19.5
38158;Eybens;11.5
38169;Fontaine;9.8
38179;Gières;11.5
38185;Grenoble;11.8
38189;Heyrieux;7.8
38193;L'Isle-d'Abeau;6.4
38226;Mens;6.4
38229;Meylan;16.2
38239;Moirans;9.2
38247;Montalieu-Vercieu;5.7
38261;Morestel;3.9
38269;La Mure;7.5
38298;Le Péage-de-Roussillon;9
38314;Pontcharra;10.9
38315;Le Pont-de-Beauvoisin;7.7
38317;Le Pont-de-Claix;6.7
38318;Pont-Évêque;9.4
38337;Rives;8.8
38344;Roussillon;6.2
38382;Saint-Égrève;8.1
38384;Saint-Étienne-de-Saint-Geoirs;8.3
38397;Saint-Ismier;8.5
38399;Saint-Jean-de-Bournay;4.9
38412;Saint-Laurent-du-Pont;8.9
38416;Saint-Marcellin;7.4
38421;Saint-Martin-d'Hères;8.4
38468;Salaise-sur-Sanne;5
38474;Sassenage;9
38485;Seyssinet-Pariset;11.3
38486;Seyssins;7.1
38509;La Tour-du-Pin;9.9
38511;Le Touvet;10.6
38516;La Tronche;11
38517;Tullins;9.9
38524;Varces-Allières-et-Risset;6.1
38544;Vienne;12.1
38545;Vif;8.1
38548;Villard-de-Lans;12.7
38553;Villefontaine;9.7
38562;Vizille;8.6
38563;Voiron;13.8
38565;Voreppe;8.9
39013;Arbois;9.7
39056;Bletterans;12.7
39097;Champagnole;6.5
39128;Chaussin;5.8
39154;Clairvaux-les-Lacs;10.7
39198;Dole;10.2
39300;Lons-le-Saunier;9.3
39368;Hauts de Bienne;5.3
39434;Poligny;8.6
39470;Les Rousses;11.3
39475;Saint-Amour;6.2
39478;Saint-Claude;7.4
39487;Saint-Laurent-en-Grandvaux;4.6
39500;Salins-les-Bains;12.5
39526;Tavaux;11.4
40001;Aire-sur-l'Adour;15.5
40046;Biscarrosse;9.5
40065;Capbreton;18.9
40088;Dax;15.6
40119;Hagetmau;5.8
40133;Labenne;6.2
40134;Labouheyre;7.2
40184;Mimizan;10.1
40192;Mont-de-Marsan;12.7
40194;Montfort-en-Chalosse;8.1
40197;Morcenx;9.4
40201;Mugron;8.2
40217;Parentis-en-Born;10.4
40224;Peyrehorade;8.8
40233;Pouillon;4.7
40245;Roquefort;5.9
40273;Saint-Martin-de-Seignanx;7.7
40279;Saint-Paul-lès-Dax;10.3
40281;Saint-Pierre-du-Mont;6.9
40282;Saint-Sever;8.4
40284;Saint-Vincent-de-Tyrosse;11.4
40310;Soustons;11.7
40312;Tarnos;11
40313;Tartas;9
40331;Villeneuve-de-Marsan;9.3
41018;Blois;10.2
41025;Bracieux;8.6
41047;La Chaussée-Saint-Victor;10.8
41059;Contres;8.4
41106;Lamotte-Beuvron;8.4
41136;Mer;7.2
41143;Mondoubleau;6.4
41149;Montoire-sur-le-Loir;5.5
41151;Montrichard Val de Cher;7.8
41167;Veuzain-sur-Loire;6.4
41194;Romorantin-Lanthenay;8
41198;Saint-Aignan;5.6
41232;Salbris;7.1
41242;Selles-sur-Cher;7.9
41269;Vendôme;6.7
41295;Vineuil;7.6
42005;Andrézieux-Bouthéon;10.1
42011;Balbigny;4.8
42019;Boën-sur-Lignon;6.8
42023;Bourg-Argental;9.8
42044;Le Chambon-Feugerolles;7.5
42052;Charlieu;7.8
42059;Chazelles-sur-Lyon;14
42071;Le Coteau;5.7
42094;Feurs;7.2
42095;Firminy;9.6
42110;L'Horme;8.2
42127;Mably;6.9
42147;Montbrison;8.1
42149;Montrond-les-Bains;10.6
42159;Noirétable;8.2
42165;Panissières;7.8
42168;Pélussin;8.9
42182;Renaison;7.9
42183;La Ricamarie;6.4
42184;Riorges;4.9
42186;Rive-de-Gier;8.2
42187;Roanne;12.1
42189;Roche-la-Molière;8.1
42204;Saint-Bonnet-le-Château;4.3
42207;Saint-Chamond;8.6
42218;Saint-Étienne;11.5
42222;Saint-Galmier;8.5
42275;Saint-Priest-en-Jarez;30.8
42279;Saint-Just-Saint-Rambert;7.4
42302;Sorbiers;9.2
42305;La Talaudière;6.1
42316;Unieux;4.3
42323;Veauche;8.2
42330;Villars;8.5
43012;Aurec-sur-Loire;11.2
43040;Brioude;7.8
43041;Brives-Charensac;8.1
43051;Le Chambon-sur-Lignon;10.3
43080;Craponne-sur-Arzon;8.7
43087;Dunières;10
43112;Langeac;10.6
43137;Monistrol-sur-Loire;7.2
43157;Le Puy-en-Velay;9.8
43162;Retournac;5.1
43177;Saint-Didier-en-Velay;10.1
43200;Saint-Julien-Chapteuil;7.2
43224;Sainte-Sigolène;8.4
43234;Saugues;5.9
43244;Tence;6.5
43268;Yssingeaux;9.8
44002;Aigrefeuille-sur-Maine;7.3
44003;Ancenis;7
44009;Basse-Goulaine;7.8
44015;Blain;7.7
44018;Bouaye;7.3
44020;Bouguenais;9.1
44026;Carquefou;7.2
44029;Divatte-sur-Loire;6.7
44035;La Chapelle-sur-Erdre;7.7
44036;Châteaubriant;7
44043;Clisson;8.5
44047;Couëron;7.9
44049;Le Croisic;10
44051;Derval;5.3
44055;La Baule-Escoublac;9.7
44067;Guémené-Penfao;5.1
44069;Guérande;10.7
44072;Herbignac;6.2
44081;Legé;11.1
44087;Machecoul-Saint-Même;6.5
44101;La Montagne;12.1
44103;Montoir-de-Bretagne;6.2
44109;Nantes;12.8
44110;Nort-sur-Erdre;8.2
44113;Nozay;5.3
44114;Orvault;9.9
44129;Pontchâteau;5.9
44131;Pornic;12.2
44132;Pornichet;14.9
44135;Le Pouliguen;15.6
44143;Rezé;11.4
44154;Saint-Brevin-les-Pins;8.7
44158;Saint-Étienne-de-Montluc;7.3
44161;Saint-Gildas-des-Bois;3.3
44162;Saint-Herblain;12.9
44169;Saint-Julien-de-Concelles;8.4
44172;Sainte-Luce-sur-Loire;6.8
44180;Saint-Mars-la-Jaille;1.2
44184;Saint-Nazaire;13.6
44186;Sainte-Pazanne;4.6
44187;Saint-Père-en-Retz;9.7
44188;Saint-Philbert-de-Grand-Lieu;8.9
44190;Saint-Sébastien-sur-Loire;8.5
44194;Sautron;10.9
44195;Savenay;7.6
44198;Les Sorinières;7.5
44204;Thouaré-sur-Loire;11.9
44209;Treillières;8.3
44210;Trignac;7.9
44211;La Turballe;12
44212;Vallet;8.7
44213;Loireauxence;6.1
44215;Vertou;7.6
44223;Geneston;7.5
45004;Amilly;5.8
45028;Beaugency;6.4
45030;Beaune-la-Rolande;7.8
45031;Bellegarde;5.9
45053;Briare;7
45068;Châlette-sur-Loing;3.2
45075;La Chapelle-Saint-Mesmin;8
45082;Châteauneuf-sur-Loire;5.5
45083;Château-Renard;6.6
45085;Châtillon-Coligny;3.2
45089;Chécy;8.8
45115;Courtenay;4.8
45145;Ferrières-en-Gâtinais;2.7
45146;La Ferté-Saint-Aubin;7.6
45147;Fleury-les-Aubrais;5.9
45155;Gien;7.1
45169;Ingré;5.2
45173;Jargeau;4
45187;Lorris;4.2
45191;Le Malesherbois;4.4
45203;Meung-sur-Loire;7.3
45208;Montargis;9.9
45224;Neuville-aux-Bois;7.4
45232;Olivet;6.5
45234;Orléans;10
45248;Patay;5
45252;Pithiviers;4.9
45258;Puiseaux;6.5
45274;Saint-Denis-en-Val;8.5
45284;Saint-Jean-de-Braye;6.2
45285;Saint-Jean-de-la-Ruelle;9.1
45286;Saint-Jean-le-Blanc;4.8
45302;Saran;7.3
45315;Sully-sur-Loire;6.5
46029;Biars-sur-Cère;8.8
46042;Cahors;10.6
46102;Figeac;10.3
46127;Gourdon;9.2
46128;Gramat;8.3
46143;Lacapelle-Marival;3.6
46201;Montcuq-en-Quercy-Blanc;12.3
46225;Prayssac;10.4
46231;Puy-l'Évêque;8.3
46251;Saint-Céré;7.8
46309;Souillac;6.7
46330;Vayrac;13
47001;Agen;11.3
47004;Aiguillon;10.7
47027;Bias;3.9
47031;Boé;3.6
47032;Bon-Encontre;9.6
47051;Castelculier;5.8
47052;Casteljaloux;6.8
47057;Castillonnès;7
47086;Duras;11.4
47106;Fumel;5.1
47157;Marmande;8.6
47168;Miramont-de-Guyenne;5.2
47175;Monflanquin;7.4
47195;Nérac;7
47201;Le Passage;8.9
47252;Sainte-Livrade-sur-Lot;5.6
47310;Tonneins;4.5
47323;Villeneuve-sur-Lot;9.3
47324;Villeréal;15.7
48034;La Canourgue;8.7
48061;Florac Trois Rivières;8.9
48080;Langogne;7.2
48092;Marvejols;7.2
48095;Mende;9
48140;Saint-Chély-d'Apcher;6.8
49007;Angers;14.6
49015;Avrillé;11.3
49018;Baugé-en-Anjou;8.2
49020;Beaucouzé;9.7
49021;Beaufort-en-Anjou;8.8
49023;Beaupréau-en-Mauges;8.4
49042;Brain-sur-l'Authion;11.1
49050;Brissac Loire Aubance;11.4
49054;Candé;7.2
49063;Chalonnes-sur-Loire;10.7
49080;Châteauneuf-sur-Sarthe;8.5
49092;Chemillé-en-Anjou;5.6
49099;Cholet;8.8
49125;Doué-en-Anjou;6.7
49127;Durtal;8.2
49176;Le Lion-d'Angers;6.8
49180;Longué-Jumelles;6.9
49183;Val d'Erdre-Auxence;8.2
49214;Montreuil-Juigné;9.8
49215;Montreuil-Bellay;5.6
49223;Mûrs-Erigné;8.6
49228;Noyant-Villages;6.6
49244;Mauges-sur-Loire;9.1
49246;Les Ponts-de-Cé;12.5
49248;Ombrée d'Anjou;6.1
49261;Les Rosiers-sur-Loire;5.2
49267;Saint-Barthélemy-d'Anjou;8.6
49283;Saint-Georges-sur-Loire;15.4
49301;Sèvremoine;6.9
49313;Saint-Pierre-Montlimart;4.4
49323;Verrières-en-Anjou;12.9
49328;Saumur;9.2
49331;Segré-en-Anjou Bleu;7.1
49333;Seiches-sur-le-Loir;9.5
49345;Bellevigne-en-Layon;5
49347;Tiercé;9.7
49353;Trélazé;14.7
49373;Lys-Haut-Layon;6
50002;Agneaux;8.2
50003;Agon-Coutainville;7.2
50025;Avranches;7.9
50031;Barneville-Carteret;10.1
50041;La Hague;4.2
50074;Brécey;6.8
50076;Bréhal;8.4
50082;Bricquebec-en-Cotentin;5.9
50099;Carentan les Marais;6.1
50129;Cherbourg-en-Cotentin;10.9
50147;Coutances;7.5
50173;Équeurdreville-Hainneville;0
50203;Glacerie (La);9
50218;Granville;10.1
50236;La Haye;6.7
50237;La Haye-Pesnel;8.1
50341;Montebourg;6.3
50359;Mortain-Bocage;8.6
50394;Périers;6.5
50402;Les Pieux;4.9
50410;Pontorson;5.2
50484;Saint-Hilaire-du-Harcouët;7
50487;Saint-James;7.4
50502;Saint-Lô;11.3
50539;Saint-Pierre-Église;4.6
50551;Saint-Sauveur-le-Vicomte;5.3
50562;Saint-Vaast-la-Hougue;4.1
50582;Sourdeval;4.4
50601;Torigny-les-Villes;7
50602;Tourlaville;0
50615;Valognes;5.2
50639;Villedieu-les-Poêles-Rouffigny;8
51030;Aÿ-Champagne;8.4
51108;Châlons-en-Champagne;8.7
51172;Cormontreuil;9.5
51217;Dormans;10.2
51230;Épernay;8.4
51248;Fère-Champenoise;8.1
51250;Fismes;6
51380;Montmirail;6.6
51388;Mourmelon-le-Grand;6
51454;Reims;11.4
51506;Saint-Memmie;5
51507;Sainte-Menehould;9.7
51535;Sézanne;8.1
51559;Suippes;4.1
51573;Tinqueux;8.7
51612;Vertus;6.6
51649;Vitry-le-François;7.6
52060;Bourbonne-les-Bains;7.2
52093;Chalindrey;7.7
52121;Chaumont;8.7
52197;Fayl-Billot;7.9
52250;Joinville;8.8
52269;Langres;6.1
52331;La Porte du Der;7
52332;Val-de-Meuse;11.6
52353;Nogent;8.5
52448;Saint-Dizier;8.6
52550;Wassy;5.6
53003;Ambrières-les-Vallées;5.7
53062;Château-Gontier;6.1
53077;Cossé-le-Vivien;4.6
53084;Craon;7.3
53096;Ernée;5.8
53097;Évron;9.2
53107;Gorron;8.2
53127;Lassay-les-Châteaux;4
53130;Laval;6.7
53147;Mayenne;6.7
53152;Meslay-du-Maine;5
53185;Pré-en-Pail-Saint-Samson;8.2
53188;Renazé;8.9
53201;Saint-Berthevin;7.8
53271;Villaines-la-Juhel;5.4
54039;Baccarat;4.6
54076;Blainville-sur-l'Eau;8.2
54099;Val de Briey;7.8
54115;Champigneulles;10.9
54159;Dombasle-sur-Meurthe;11.9
54184;Essey-lès-Nancy;12.5
54215;Frouard;9.6
54273;Jarny;3.8
54274;Jarville-la-Malgrange;9.9
54280;Joeuf;8.3
54304;Laxou;12.6
54322;Longuyon;5.8
54323;Longwy;8.2
54328;Ludres;13.2
54329;Lunéville;12.3
54382;Mont-Saint-Martin;5.3
54395;Nancy;12.7
54397;Neuves-Maisons;8
54425;Piennes;5.5
54431;Pont-à-Mousson;8.7
54482;Saint-Max;10.3
54528;Toul;8.7
54547;Vandoeuvre-lès-Nancy;18.2
54563;Vézelise;9.1
54578;Villers-lès-Nancy;9.1
54580;Villerupt;5.7
55029;Bar-le-Duc;6.7
55122;Commercy;9.5
55181;Étain;8.3
55291;Ligny-en-Barrois;8.7
55427;Revigny-sur-Ornain;8.6
55463;Saint-Mihiel;10.5
55502;Stenay;5.4
55533;Vaucouleurs;5.6
55545;Verdun;8
56003;Arradon;11
56007;Auray;11.5
56010;Baud;7.5
56013;Belz;8.8
56034;Carnac;12.1
56036;Caudan;9
56053;Elven;6.2
56057;Le Faouët;7.2
56061;La Gacilly;6.7
56066;Gourin;12.2
56067;Grand-Champ;8.9
56069;Groix;13.4
56073;Guémené-sur-Scorff;8
56075;Guer;7.3
56078;Guidel;9
56083;Hennebont;8
56085;Hoedic;0
56086;Île-d'Houat;41.3
56087;Île-aux-Moines;16.5
56088;Île-d'Arz;0
56091;Josselin;5.9
56098;Lanester;10.1
56107;Larmor-Plage;11.1
56117;Locminé;6.8
56121;Lorient;11.6
56124;Malestroit;4.1
56127;Mauron;7
56143;Muzillac;13
56152;Le Palais;15
56158;Plescop;10.6
56162;Ploemeur;11.1
56164;Ploeren;7.8
56165;Ploërmel;9.2
56166;Plouay;10
56177;Pluvigner;6.9
56178;Pontivy;6.9
56184;Questembert;8.9
56185;Quéven;8.7
56186;Quiberon;8.5
56193;Riantec;8.9
56195;La Roche-Bernard;8.7
56206;Saint-Avé;8.4
56240;Sarzeau;9.5
56243;Séné;12.4
56251;Theix-Noyalo;7.9
56260;Vannes;15.8
57019;Amnéville;12.8
57032;Ars-sur-Moselle;9
57089;Bitche;6.3
57097;Boulay-Moselle;8.3
57106;Bouzonville;4.5
57132;Château-Salins;9.7
57160;Creutzwald;6.2
57177;Dieuze;6.6
57206;Fameck;8
57207;Farébersviller;2.7
57209;Faulquemont;5.6
57221;Florange;8.5
57227;Forbach;6.7
57240;Freyming-Merlebach;4.5
57269;Guénange;7.9
57283;Hagondange;16.1
57306;Hayange;7.3
57323;Hettange-Grande;6.2
57412;Longeville-lès-Metz;9.4
57413;Longeville-lès-Saint-Avold;6.3
57433;Maizières-lès-Metz;6.5
57447;Marly;7.7
57463;Metz;11.6
57474;Mondelange;7.6
57480;Montigny-lès-Metz;12.1
57483;Morhange;8.2
57487;Moulins-lès-Metz;6.8
57491;Moyeuvre-Grande;8.1
57537;Petite-Rosselle;1.6
57540;Phalsbourg;4.7
57556;Puttelange-aux-Lacs;5.1
57572;Rémilly;11.7
57589;Rohrbach-lès-Bitche;6.1
57591;Rombas;8.6
57606;Saint-Avold;7.7
57628;Sarralbe;9.5
57630;Sarrebourg;7.7
57631;Sarreguemines;9.5
57650;Sierck-les-Bains;8.5
57660;Stiring-Wendel;4.5
57663;Talange;9.8
57666;Terville;8.9
57672;Thionville;10.1
57683;Uckange;8.3
57751;Woippy;7.2
57757;Yutz;9.8
58059;La Charité-sur-Loire;4.9
58062;Château-Chinon (Ville);1.4
58079;Clamecy;6.5
58083;Corbigny;6.9
58086;Cosne-Cours-sur-Loire;6.6
58095;Decize;5.9
58117;Fourchambault;6.6
58134;Imphy;1.4
58149;Luzy;8.9
58182;Moulins-Engilbert;10.7
58194;Nevers;8.6
58218;Prémery;4.4
58264;Saint-Pierre-le-Moûtier;7.6
58303;Varennes-Vauzelles;7.2
59008;Aniche;7.2
59009;Villeneuve-d'Ascq;9
59011;Annoeullin;11
59014;Anzin;10.6
59015;Arleux;8.9
59017;Armentières;15.4
59028;Auby;9.7
59032;Aulnoy-lez-Valenciennes;12.2
59033;Aulnoye-Aymeries;7
59036;Avesnes-sur-Helpe;10.1
59043;Bailleul;11
59051;La Bassée;11.4
59053;Bavay;6.9
59067;Bergues;8.7
59090;Bondues;9
59092;Bouchain;8.4
59094;Bourbourg;7.6
59112;Bruay-sur-l'Escaut;5.6
59122;Cambrai;8.7
59131;Cappelle-la-Grande;8.4
59135;Cassel;6.4
59136;Le Cateau-Cambrésis;7.5
59139;Caudry;8.7
59143;La Chapelle-d'Armentières;9.4
59152;Comines;9.2
59153;Condé-sur-l'Escaut;6.5
59155;Coudekerque-Branche;6.3
59163;Croix;9.6
59168;Cysoing;12.2
59170;Dechy;9.7
59172;Denain;10.5
59178;Douai;10.6
59179;Douchy-les-Mines;9.2
59183;Dunkerque;11.7
59205;Escaudain;5.9
59212;Estaires;7.8
59220;Faches-Thumesnil;11.5
59234;Flers-en-Escrebieux;9.9
59239;Flines-lez-Raches;7.2
59249;Fourmies;5.6
59268;La Gorgue;10.6
59271;Grande-Synthe;6.8
59273;Gravelines;6.5
59279;Halluin;9.6
59286;Haubourdin;8.3
59291;Hautmont;7.9
59295;Hazebrouck;9.7
59299;Hem;13.3
59309;Hondschoote;6.5
59317;Houplines;8.7
59324;Jeumont;8.1
59327;Lallaing;7.8
59328;Lambersart;11.5
59329;Lambres-lez-Douai;10.9
59331;Landrecies;8.9
59339;Leers;8.4
59343;Lesquin;12.3
59350;Lille;12.7
59352;Linselles;9.9
59360;Loos;9.7
59365;Louvroil;3.8
59367;Lys-lez-Lannoy;8.9
59368;La Madeleine;15.7
59375;Marchiennes;4.3
59378;Marcq-en-Baroeul;10.4
59383;Marly;6.3
59386;Marquette-lez-Lille;7.8
59392;Maubeuge;8.6
59400;Merville;6.5
59410;Mons-en-Baroeul;8.9
59421;Mouvaux;10.7
59426;Neuville-en-Ferrain;6.8
59431;Nieppe;11.4
59449;Orchies;11.1
59452;Ostricourt;7.5
59459;Petite-Forêt;11.3
59466;Pont-à-Marcq;16.1
59481;Le Quesnoy;11.3
59491;Raismes;8.7
59507;Ronchin;9.2
59508;Roncq;8.1
59512;Roubaix;13.1
59526;Saint-Amand-les-Eaux;9.4
59527;Saint-André-lez-Lille;10.8
59544;Saint-Saulve;11.9
59560;Seclin;11
59569;Sin-le-Noble;6.9
59571;Solesmes;9.4
59574;Somain;8.9
59580;Steenvoorde;9
59586;Templeuve-en-Pévèle;8.7
59599;Tourcoing;10.1
59603;Trith-Saint-Léger;7.1
59606;Valenciennes;13.2
59616;Vieux-Condé;9.8
59636;Wambrechies;11.9
59646;Wasquehal;6.6
59648;Wattignies;13.1
59650;Wattrelos;9.9
59653;Wavrin;10.2
59663;Wormhout;6.5
60057;Beauvais;8.3
60103;Bresles;5.7
60104;Breteuil;5.9
60139;Chambly;5.3
60141;Chantilly;10.4
60143;Chaumont-en-Vexin;3.5
60157;Clermont;7.5
60159;Compiègne;12.3
60175;Creil;10.4
60176;Crépy-en-Valois;6.5
60178;Crèvecoeur-le-Grand;5.5
60188;Cuise-la-Motte;5.3
60223;Estrées-Saint-Denis;6.1
60245;Formerie;5.7
60286;Grandvilliers;6.8
60360;Liancourt;3.5
60382;Margny-lès-Compiègne;8.8
60395;Méru;5.6
60414;Montataire;7.7
60439;Mouy;6.3
60463;Nogent-sur-Oise;5.4
60471;Noyon;8.1
60482;Orry-la-Ville;8.5
60500;Le Plessis-Belleville;6.2
60509;Pont-Sainte-Maxence;6.2
60533;Ressons-sur-Matz;6.7
60581;Saint-Just-en-Chaussée;4.7
60584;Saint-Leu-d'Esserent;4.8
60589;Saint-Maximin;7.9
60612;Senlis;8.9
60636;Thourotte;6.1
61001;Alençon;7.8
61006;Argentan;6.4
61038;Bellême;7.5
61117;Condé-sur-Sarthe;6.3
61145;Domfront en Poiraie;9.5
61168;La Ferté Macé;5.2
61169;Flers;6.4
61181;Gacé;8.1
61214;L'Aigle;5.8
61230;Longny les Villages;5.8
61293;Mortagne-au-Perche;9.5
61464;Sées;7.9
61483;Bagnoles de l'Orne Normandie;13.1
61486;Tinchebray-Bocage;7.2
61508;Vimoutiers;8.8
62004;Achicourt;8.4
62014;Aire-sur-la-Lys;9.4
62038;Ardres;6
62040;Arques;9.7
62041;Arras;12.5
62045;Aubigny-en-Artois;10.8
62048;Auchel;7.7
62051;Auchy-les-Mines;11.7
62057;Audruicq;5.7
62060;Auxi-le-Château;5.4
62063;Avesnes-le-Comte;6
62065;Avion;9.2
62080;Bapaume;6.1
62083;Barlin;5
62108;Berck;10
62119;Béthune;11.9
62126;Beuvry;6.4
62133;Billy-Montigny;10.2
62160;Boulogne-sur-Mer;12.5
62178;Bruay-la-Buissière;8
62186;Bully-les-Mines;8.2
62193;Calais;8.2
62215;Carvin;9
62239;Coquelles;14.4
62249;Courcelles-lès-Lens;6.3
62250;Courrières;10.3
62261;Cucq;16.3
62263;Dainville;6.6
62268;Desvres;5.8
62270;Divion;8.8
62297;Éperlecques;7.2
62318;Étaples;10.1
62361;Frévent;7.6
62364;Fruges;7
62397;Guînes;6.8
62413;Harnes;7.8
62427;Hénin-Beaumont;7.9
62443;Hersin-Coupigny;8.2
62447;Hesdin;6.5
62473;Isbergues;9.5
62491;Laventie;11.9
62497;Leforest;9.3
62498;Lens;9.8
62510;Liévin;9
62516;Lillers;4.5
62525;Longuenesse;6.1
62528;Loos-en-Gohelle;9.2
62534;Lumbres;8
62548;Marck;3.4
62560;Marquise;9.4
62563;Mazingarbe;6.7
62588;Montreuil;8
62604;Neufchâtel-Hardelot;13.7
62617;Noeux-les-Mines;8.3
62624;Noyelles-Godault;6.3
62637;Oignies;7.2
62643;Outreau;10.2
62667;Le Portel;12.7
62753;Saint-Laurent-Blangy;6.3
62757;Saint-Martin-lez-Tatinghem;6.8
62758;Saint-Martin-Boulogne;12.9
62765;Saint-Omer;15.7
62767;Saint-Pol-sur-Ternoise;9
62771;Sallaumines;5.6
62826;Le Touquet-Paris-Plage;18.3
62842;Vendin-le-Vieil;7.2
62861;Vimy;10.5
62865;Vitry-en-Artois;9.5
62893;Wimereux;13.2
62895;Wingles;7.5
62907;Libercourt;8.2
63001;Aigueperse;7.7
63003;Ambert;7.8
63010;Arlanc;8.8
63014;Aubière;9.4
63032;Beaumont;13.2
63038;Besse-et-Saint-Anastaise;11.2
63040;Billom;5.9
63047;La Bourboule;10.5
63050;Brassac-les-Mines;10.2
63063;Cébazat;11.5
63070;Ceyrat;11.2
63075;Chamalières;13.4
63103;Châtel-Guyon;9.7
63113;Clermont-Ferrand;11
63124;Cournon-d'Auvergne;9
63125;Courpière;7
63164;Gerzat;6.6
63178;Issoire;9.2
63193;Lempdes;9.6
63195;Lezoux;6
63210;Maringues;10
63214;Les Martres-de-Veyre;9.9
63231;La Monnerie-le-Montel;5.1
63236;Mont-Dore;27.5
63283;Pontaumur;5.1
63284;Pont-du-Château;6.7
63285;Pontgibaud;11
63291;Puy-Guillaume;6.9
63300;Riom;9.3
63338;Saint-Éloy-les-Mines;5
63349;Saint-Georges-de-Mons;7.8
63354;Saint-Gervais-d'Auvergne;9.4
63430;Thiers;7.1
63457;Vic-le-Comte;9.6
64024;Anglet;15
64061;Artix;9.2
64062;Arudy;11.5
64063;Arzacq-Arraziguet;10.1
64102;Bayonne;14.3
64122;Biarritz;21
64125;Bidart;8.4
64129;Billère;16.5
64132;Bizanos;9.8
64140;Boucau;8.9
64160;Cambo-les-Bains;11.7
64189;Ciboure;10.5
64230;Gan;10
64233;Garlin;3.6
64256;Hasparren;6.8
64260;Hendaye;9.5
64284;Jurançon;9.7
64331;Lembeye;6.4
64335;Lescar;9.9
64348;Lons;7.1
64371;Mauléon-Licharre;8.3
64405;Morlaàs;5.6
64410;Mourenx;8.2
64416;Navarrenx;8
64417;Nay;14.1
64422;Oloron-Sainte-Marie;9.6
64430;Orthez;9
64445;Pau;11.2
64453;Pontacq;7
64483;Saint-Jean-de-Luz;15.2
64485;Saint-Jean-Pied-de-Port;8.2
64493;Saint-Palais;9.7
64499;Salies-de-Béarn;12.1
64513;Sauveterre-de-Béarn;9.4
64519;Serres-Castet;7.7
64547;Ustaritz;6.7
65025;Argelès-Gazost;16.3
65031;Arreau;22.7
65059;Bagnères-de-Bigorre;11.5
65258;Lannemezan;9.1
65286;Lourdes;11.8
65295;Luz-Saint-Sauveur;24.1
65304;Maubourguet;7.6
65417;Séméac;7.8
65440;Tarbes;10.5
65447;Tournay;5.9
65452;Trie-sur-Baïse;8.2
65460;Vic-en-Bigorre;7.6
66003;Amélie-les-Bains-Palalda;25.6
66008;Argelès-sur-Mer;13.4
66016;Banyuls-sur-Mer;13.1
66021;Bompas;8.4
66024;Le Boulou;16.1
66028;Cabestany;20.3
66037;Canet-en-Roussillon;9.9
66049;Céret;11
66065;Elne;10.1
66088;Ille-sur-Têt;10.2
66108;Millas;9.1
66124;Font-Romeu-Odeillo-Via;16.2
66136;Perpignan;14.8
66148;Port-Vendres;13.8
66149;Prades;9.2
66164;Rivesaltes;6.3
66171;Saint-Cyprien;8.1
66172;Saint-Estève;12.5
66180;Saint-Laurent-de-la-Salanque;9.7
66195;Le Soler;9.1
66210;Thuir;11.1
67021;Barr;11.2
67028;Benfeld;7.5
67043;Bischheim;11
67046;Bischwiller;9.8
67061;Bouxwiller;10.1
67066;La Broque;8.2
67067;Brumath;9.2
67105;Drulingen;4.2
67130;Erstein;8.6
67152;Geispolsheim;9
67180;Haguenau;11.8
67202;Hochfelden;13.1
67204;Hoenheim;11.9
67218;Illkirch-Graffenstaden;10.4
67222;Ingwiller;9.6
67267;Lingolsheim;8.9
67281;Marckolsheim;7.6
67282;Marlenheim;7.3
67300;Molsheim;10.3
67309;Mundolsheim;12.1
67348;Obernai;13.3
67365;Ostwald;11.7
67372;Val de Moder;7.3
67388;Reichshoffen;9.2
67411;Rosheim;8.9
67434;Sarre-Union;7.9
67437;Saverne;9.6
67447;Schiltigheim;11.1
67458;Schweighouse-sur-Moder;10.3
67462;Sélestat;10.5
67463;Seltz;4.5
67471;Souffelweyersheim;8.3
67474;Soultz-sous-Forêts;7.4
67482;Strasbourg;14.1
67495;Truchtersheim;7
67506;Vendenheim;9.5
67507;Villé;10.1
67519;La Wantzenau;10.8
67520;Wasselonne;9.4
67544;Wissembourg;9.9
67550;Woerth;10.1
67551;Wolfisheim;11.9
68004;Altkirch;8.6
68063;Cernay;9.3
68066;Colmar;10.1
68068;Dannemarie;5.2
68082;Ensisheim;3.7
68112;Guebwiller;7.7
68118;Habsheim;7.8
68145;Horbourg-Wihr;9.9
68154;Illzach;9.2
68155;Ingersheim;8.8
68162;Kaysersberg Vignoble;9.2
68166;Kingersheim;7
68195;Lutterbach;6.5
68201;Masevaux-Niederbruck;7.1
68224;Mulhouse;12.5
68226;Munster;9.8
68256;Pfastatt;4.6
68269;Ribeauvillé;11
68271;Riedisheim;8.7
68278;Rixheim;6.2
68287;Rouffach;7.1
68292;Saint-Amarin;8.9
68297;Saint-Louis;6.9
68298;Sainte-Marie-aux-Mines;10.5
68309;Sierentz;7.6
68352;Volgelsheim;6.6
68374;Wintzenheim;10.6
68375;Wittelsheim;5
68376;Wittenheim;6.7
69006;Amplepuis;7.1
69009;Anse;8.4
69010;L'Arbresle;7.3
69018;Beaujeu;7.4
69019;Belleville;7.6
69024;Val d'Oingt;7.7
69027;Brignais;9.7
69029;Bron;9.2
69034;Caluire-et-Cuire;8.7
69040;Champagne-au-Mont-d'Or;6.5
69064;Condrieu;8
69066;Cours;3
69069;Craponne;8.4
69072;Dardilly;8.4
69081;Écully;13.9
69088;Fontaines-sur-Saône;8.6
69089;Francheville;7.5
69091;Givors;6.6
69096;Grigny;6.4
69100;Irigny;4.7
69115;Limas;10.8
69116;Limonest;9.3
69141;Mornant;7.1
69143;Neuville-sur-Saône;9
69149;Oullins;10.4
69152;Pierre-Bénite;5.9
69199;Saint-Fons;5.1
69202;Sainte-Foy-lès-Lyon;10.5
69204;Saint-Genis-Laval;8.5
69220;Saint-Laurent-de-Chamousset;7
69227;Saint-Martin-en-Haut;13.4
69238;Saint-Symphorien-sur-Coise;5.7
69243;Tarare;6.6
69244;Tassin-la-Demi-Lune;9.5
69248;Thizy-les-Bourgs;5.6
69255;Vaugneray;6.8
69256;Vaulx-en-Velin;7.5
69259;Vénissieux;9.3
69260;Vernaison;10.7
69264;Villefranche-sur-Saône;8.8
69266;Villeurbanne;7.5
69271;Chassieu;11.1
69273;Corbas;7.3
69275;Décines-Charpieu;8.5
69276;Feyzin;8.5
69277;Genas;8
69282;Meyzieu;8.1
69283;Mions;9.8
69286;Rillieux-la-Pape;9.6
69287;Saint-Bonnet-de-Mure;5.7
69290;Saint-Priest;11
69291;Saint-Symphorien-d'Ozon;10.6
69381;Lyon 1er Arrondissement;12.5
69382;Lyon 2e Arrondissement;22.7
69383;Lyon 3e Arrondissement;9
69384;Lyon 4e Arrondissement;6.9
69385;Lyon 5e Arrondissement;9.9
69386;Lyon 6e Arrondissement;18.4
69387;Lyon 7e Arrondissement;15.3
69388;Lyon 8e Arrondissement;9.3
69389;Lyon 9e Arrondissement;12.3
70120;Champagney;7.2
70198;Dampierre-sur-Salon;7.5
70279;Gray;11.3
70285;Héricourt;9.2
70292;Jussey;6.3
70310;Lure;6.4
70311;Luxeuil-les-Bains;8.5
70334;Marnay;12.4
70421;Port-sur-Saône;10.1
70447;Rioz;10.6
70467;Saint-Loup-sur-Semouse;7.4
70550;Vesoul;11.8
70561;Villersexel;7.7
71014;Autun;8.3
71047;Bourbon-Lancy;6
71070;Buxy;12.4
71073;Chagny;7.4
71076;Chalon-sur-Saône;10.2
71090;La Chapelle-de-Guinchay;9.4
71105;Charnay-lès-Mâcon;9.9
71106;Charolles;11.3
71118;Châtenoy-le-Royal;6.8
71120;Chauffailles;5.5
71133;La Clayette;10
71137;Cluny;12
71153;Le Creusot;6.8
71158;Cuisery;4.1
71176;Digoin;4.8
71192;Étang-sur-Arroux;8.1
71221;Givry;9.9
71230;Gueugnon;8.1
71263;Louhans;6.1
71270;Mâcon;8.4
71275;Marcigny;5.7
71306;Montceau-les-Mines;6
71310;Montchanin;6.1
71342;Paray-le-Monial;7.3
71351;Pierre-de-Bresse;9.5
71417;Saint-Gengoux-le-National;6.2
71419;Saint-Germain-du-Bois;4.7
71445;Saint-Marcel;6.7
71475;Saint-Rémy;5.8
71512;Sennecey-le-Grand;7.1
71543;Tournus;7.1
72003;Allonnes;7.2
72008;Arnage;7.7
72029;Beaumont-sur-Sarthe;7.6
72039;Bonnétable;4.4
72054;Champagné;6
72065;La Chapelle-Saint-Aubin;5.7
72068;La Chartre-sur-le-Loir;8.1
72071;Montval-sur-Loir;6.1
72089;Conlie;6.9
72090;Connerré;4.9
72095;Coulaines;8.6
72124;Écommoy;6.8
72132;La Ferté-Bernard;5.6
72138;Fresnay-sur-Sarthe;3.8
72143;Le Grand-Lucé;5.1
72154;La Flèche;5.1
72168;Loué;5.6
72176;Le Lude;6.9
72180;Mamers;4.7
72181;Le Mans;9
72189;Marolles-les-Braults;6.7
72213;Mulsanne;6.3
72231;Parigné-l'Évêque;3.6
72264;Sablé-sur-Sarthe;6.4
72269;Saint-Calais;4.9
72334;Sillé-le-Guillaume;8.7
72346;La Suze-sur-Sarthe;5.6
72373;Vibraye;6.3
73006;Aime-la-Plagne;9.8
73008;Aix-les-Bains;10.9
73010;Entrelacs;8
73011;Albertville;8.6
73054;Bourg-Saint-Maurice;14.7
73055;Bozel;14.7
73064;Challes-les-Eaux;11.4
73065;Chambéry;14
73087;Cognin;7.3
73157;Modane;12.5
73171;Montmélian;12.1
73179;La Motte-Servolex;12.8
73181;Moûtiers;15.7
73213;La Ravoire;10.3
73222;Saint-Alban-Leysse;11.6
73248;Saint-Jean-de-Maurienne;10
73261;Saint-Michel-de-Maurienne;12.4
73270;Saint-Pierre-d'Albigny;8.2
73303;Ugine;9
73330;Yenne;6.4
74001;Abondance;16.3
74010;Annecy;13.7
74012;Annemasse;10.7
74042;Bonneville;7.8
74043;Bons-en-Chablais;3.7
74056;Chamonix-Mont-Blanc;13
74081;Cluses;8.3
74096;Cruseilles;7.9
74105;Douvaine;5.1
74112;Epagny Metz-Tessy;6.8
74119;Évian-les-Bains;8.8
74123;Faverges-Seythenex;5.4
74133;Gaillard;4.7
74173;Megève;17.4
74191;Morzine;13.1
74208;Passy;9.4
74218;Publier;7.1
74220;Reignier-Ésery;7.5
74224;La Roche-sur-Foron;5
74225;Rumilly;5.8
74236;Saint-Gervais-les-Bains;19.3
74242;Saint-Jorioz;10
74243;Saint-Julien-en-Genevois;7.2
74256;Sallanches;13.5
74258;Samoëns;18
74269;Seyssel;2.9
74276;Taninges;7.8
74280;Thônes;11.6
74281;Thonon-les-Bains;7.7
74305;Ville-la-Grand;8
74311;Viuz-en-Sallaz;7.3
75101;Paris 1er Arrondissement;15.6
75102;Paris 2e Arrondissement;11.8
75103;Paris 3e Arrondissement;11.1
75104;Paris 4e Arrondissement;14.9
75105;Paris 5e Arrondissement;15.7
75106;Paris 6e Arrondissement;13.9
75107;Paris 7e Arrondissement;14.8
75108;Paris 8e Arrondissement;32.4
75109;Paris 9e Arrondissement;14.3
75110;Paris 10e Arrondissement;7.3
75111;Paris 11e Arrondissement;9.8
75112;Paris 12e Arrondissement;9.4
75113;Paris 13e Arrondissement;17
75114;Paris 14e Arrondissement;9.5
75115;Paris 15e Arrondissement;8.6
75116;Paris 16e Arrondissement;13.9
75117;Paris 17e Arrondissement;10.9
75118;Paris 18e Arrondissement;5.9
75119;Paris 19e Arrondissement;8.2
75120;Paris 20e Arrondissement;8.2
76034;Auffay;7.3
76035;Aumale;8.9
76051;Bacqueville-en-Caux;5
76057;Barentin;9.5
76101;Blangy-sur-Bresle;2.5
76103;Bonsecours;10.8
76108;Bois-Guillaume;12.6
76114;Bolbec;5.7
76146;Buchy;4.3
76157;Canteleu;8.8
76159;Cany-Barville;6.7
76164;Rives-en-Seine;7.8
76165;Caudebec-lès-Elbeuf;6.7
76196;Criquetot-l'Esneval;5.7
76212;Darnétal;9.8
76216;Déville-lès-Rouen;9.6
76217;Dieppe;8.6
76219;Doudeville;7.7
76222;Duclair;8.3
76231;Elbeuf;9.4
76255;Eu;9.8
76258;Terres-de-Caux;9.2
76259;Fécamp;8.1
76276;Forges-les-Eaux;9.7
76302;Goderville;7.4
76305;Gonfreville-l'Orcher;7
76312;Gournay-en-Bray;5.1
76319;Grand-Couronne;8.1
76322;Le Grand-Quevilly;8.5
76341;Harfleur;7.3
76351;Le Havre;9.8
76384;Lillebonne;6.7
76400;Luneray;6.5
76402;Malaunay;9.9
76410;Maromme;9.6
76429;Le Mesnil-Esnard;9.2
76447;Montivilliers;6.5
76451;Mont-Saint-Aignan;10.3
76452;Montville;9.4
76462;Neufchâtel-en-Bray;10
76482;Offranville;9.4
76484;Oissel;7.9
76498;Le Petit-Quevilly;7
76540;Rouen;14.8
76575;Saint-Étienne-du-Rouvray;6.8
76647;Saint-Romain-de-Colbosc;6.4
76648;Saint-Saëns;10
76655;Saint-Valery-en-Caux;8.7
76681;Sotteville-lès-Rouen;11.4
76705;Tourville-la-Rivière;11.2
76752;Yerville;4.5
76758;Yvetot;7.8
77037;Bois-le-Roi;6.5
77051;Bray-sur-Seine;4.5
77053;Brie-Comte-Robert;7
77058;Bussy-Saint-Georges;5.8
77067;Cesson;5.1
77079;Champagne-sur-Seine;6.1
77083;Champs-sur-Marne;6.6
77088;La Chapelle-la-Reine;5.8
77100;Le Châtelet-en-Brie;8.6
77108;Chelles;6
77118;Claye-Souilly;6
77122;Combs-la-Ville;6.3
77131;Coulommiers;7.4
77152;Dammarie-les-Lys;7.1
77153;Dammartin-en-Goële;4.4
77169;Émerainville;5.3
77171;Esbly;5.6
77182;La Ferté-Gaucher;5.1
77183;La Ferté-sous-Jouarre;6.2
77186;Fontainebleau;9.6
77192;Fontenay-Trésigny;4.8
77243;Lagny-sur-Marne;8.3
77249;Lésigny;9.4
77251;Lieusaint;3.3
77257;Lizy-sur-Ourcq;4.1
77258;Lognes;6.3
77284;Meaux;10.7
77285;Le Mée-sur-Seine;5.9
77288;Melun;12.9
77294;Mitry-Mory;5.9
77296;Moissy-Cramayel;5.8
77305;Montereau-Fault-Yonne;6.3
77317;Mormant;6.4
77327;Nangis;3.7
77330;Nanteuil-lès-Meaux;4.2
77333;Nemours;7.6
77337;Noisiel;7.7
77350;Ozoir-la-Ferrière;7.4
77373;Pontault-Combault;7.6
77379;Provins;5
77390;Roissy-en-Brie;5.2
77393;Rozay-en-Brie;6
77407;Saint-Fargeau-Ponthierry;4.8
77437;Saint-Soupplets;4.6
77438;Saint-Thibault-des-Vignes;4.5
77445;Savigny-le-Temple;6.1
77449;Serris;8.9
77458;Souppes-sur-Loing;5.6
77468;Torcy;8.7
77470;Tournan-en-Brie;6.6
77479;Vaires-sur-Marne;7.3
77487;Vaux-le-Pénil;4.3
77495;Vert-Saint-Denis;8
77514;Villeparisis;5.6
78005;Achères;4.8
78015;Andrésy;8.3
78029;Aubergenville;8.1
78073;Bois-d'Arcy;10.7
78092;Bougival;7.9
78123;Carrières-sous-Poissy;5.2
78124;Carrières-sur-Seine;3.3
78126;La Celle-Saint-Cloud;8
78133;Chambourcy;8.2
78138;Chanteloup-les-Vignes;5.9
78146;Chatou;5.5
78158;Le Chesnay;9.8
78160;Chevreuse;8.4
78165;Les Clayes-sous-Bois;6.2
78168;Coignières;8.7
78172;Conflans-Sainte-Honorine;8.9
78190;Croissy-sur-Seine;9.1
78208;Élancourt;8.5
78217;Épône;7.2
78220;Les Essarts-le-Roi;6.7
78242;Fontenay-le-Fleury;4.5
78265;Garancières;4.7
78297;Guyancourt;9.9
78310;Houdan;5.4
78311;Houilles;7.1
78322;Jouy-en-Josas;4.9
78335;Limay;5
78350;Louveciennes;4.2
78356;Magny-les-Hameaux;5.6
78358;Maisons-Laffitte;8
78361;Mantes-la-Jolie;8.2
78362;Mantes-la-Ville;5.2
78372;Marly-le-Roi;15
78380;Maule;5.8
78383;Maurepas;6.7
78397;Le Mesnil-Saint-Denis;6.4
78401;Meulan-en-Yvelines;7.1
78418;Montesson;8.9
78420;Montfort-l'Amaury;6.8
78423;Montigny-le-Bretonneux;8.4
78440;Les Mureaux;6
78455;Noisy-le-Roi;6
78466;Orgeval;6.9
78481;Le Pecq;10.1
78486;Le Perray-en-Yvelines;7.9
78490;Plaisir;5.6
78498;Poissy;9.5
78517;Rambouillet;9.1
78531;Rosny-sur-Seine;6
78537;Saint-Arnoult-en-Yvelines;8.8
78545;Saint-Cyr-l'École;8.2
78551;Saint-Germain-en-Laye;11
78575;Saint-Rémy-lès-Chevreuse;9.3
78586;Sartrouville;6.6
78621;Trappes;5.7
78624;Triel-sur-Seine;5
78640;Vélizy-Villacoublay;6.8
78642;Verneuil-sur-Seine;7.6
78643;Vernouillet;5.4
78646;Versailles;9
78650;Le Vésinet;8.8
78674;Villepreux;8.4
78686;Viroflay;7.8
78688;Voisins-le-Bretonneux;10.6
79005;Airvault;12.6
79048;La Crèche;7.6
79049;Bressuire;7.6
79057;Brioux-sur-Boutonne;7.7
79061;Celles-sur-Belle;6.7
79062;Cerizay;3.6
79079;Mauléon;5.5
79081;Chauray;7.9
79083;Chef-Boutonne;11.3
79101;Coulonges-sur-l'Autize;5.2
79174;Melle;9.3
79179;Moncoutant;7.4
79184;La Mothe-Saint-Héray;9.8
79191;Niort;8.8
79195;Nueil-les-Aubiers;4.7
79202;Parthenay;7.2
79270;Saint-Maixent-l'École;6
79307;Sauzé-Vaussais;8.8
79311;Secondigny;5.2
79329;Thouars;6.4
80001;Abbeville;8.7
80016;Albert;7.3
80021;Amiens;12.4
80212;Corbie;9.9
80253;Doullens;8.2
80308;Feuquières-en-Vimeu;10.1
80318;Flixecourt;9.6
80368;Friville-Escarbotin;5.1
80373;Gamaches;9.4
80410;Ham;5.6
80489;Longueau;9.1
80561;Montdidier;7.3
80570;Moreuil;9.2
80606;Oisemont;6
80620;Péronne;7.4
80630;Poix-de-Picardie;9.9
80680;Rosières-en-Santerre;6.7
80685;Roye;7.6
80688;Rue;11.6
80721;Saint-Valery-sur-Somme;8.3
80799;Villers-Bretonneux;15.4
81003;Alban;11.8
81004;Albi;11.4
81037;Brassac;10.3
81060;Carmaux;6.9
81065;Castres;9.5
81099;Gaillac;11.8
81105;Graulhet;8.6
81120;Labruguière;4.5
81124;Lacaune;8.4
81140;Lavaur;10.2
81163;Mazamet;7.2
81219;Puylaurens;9.9
81220;Rabastens;9.6
81222;Réalmont;9
81257;Saint-Juéry;6.9
81271;Saint-Sulpice-la-Pointe;9.6
81308;Valence-d'Albigeois;10.7
82013;Beaumont-de-Lomagne;9.9
82033;Castelsarrasin;6.4
82037;Caussade;8.8
82079;Labastide-Saint-Pierre;8
82087;Lafrançaise;6.6
82121;Montauban;10.4
82125;Montech;8.1
82134;Nègrepelisse;8.3
82155;Saint-Antonin-Noble-Val;2.9
82186;Valence;7.2
82190;Verdun-sur-Garonne;5.2
83004;Les Arcs;8.4
83007;Aups;9.6
83009;Bandol;25.4
83012;Barjols;8.5
83016;Le Beausset;9.3
83019;Bormes-les-Mimosas;11.6
83023;Brignoles;6.4
83032;Carcès;7.6
83034;Carqueiranne;9
83036;Cavalaire-sur-Mer;11
83042;Cogolin;8.6
83047;La Crau;11.9
83049;Cuers;9.2
83050;Draguignan;9.6
83054;La Farlède;8.1
83055;Fayence;6.4
83061;Fréjus;10.3
83062;La Garde;8.7
83064;Garéoult;10.4
83069;Hyères;13.1
83071;La Londe-les-Maures;10.9
83072;Lorgues;8.5
83073;Le Luc;6.4
83081;Montauroux;8.4
83086;Le Muy;7.5
83090;Ollioules;8.4
83091;Pierrefeu-du-Var;10
83092;Pignans;6.2
83098;Le Pradet;14.2
83099;Puget-sur-Argens;9.6
83104;Rians;5.9
83106;Rocbaron;4.2
83107;Roquebrune-sur-Argens;9.7
83112;Saint-Cyr-sur-Mer;9.6
83115;Sainte-Maxime;9.3
83116;Saint-Maximin-la-Sainte-Baume;7.8
83118;Saint-Raphaël;11.9
83119;Saint-Tropez;16.4
83120;Saint-Zacharie;10.4
83121;Salernes;6.5
83123;Sanary-sur-Mer;13.8
83126;La Seyne-sur-Mer;12.6
83129;Six-Fours-les-Plages;8.3
83130;Solliès-Pont;10.2
83137;Toulon;11.5
83141;Trans-en-Provence;5.8
83144;La Valette-du-Var;30.4
83148;Vidauban;7.2
83150;Vinon-sur-Verdon;4.4
84003;Apt;10.5
84007;Avignon;13.9
84016;Bédarrides;10
84019;Bollène;6.5
84026;Cadenet;10.5
84031;Carpentras;8.2
84035;Cavaillon;9.8
84039;Courthézon;9.1
84043;Entraigues-sur-la-Sorgue;5.5
84054;L'Isle-sur-la-Sorgue;7.9
84069;Malaucène;7
84072;Mazan;6.9
84080;Monteux;8
84081;Morières-lès-Avignon;12.5
84087;Orange;7.4
84088;Pernes-les-Fontaines;10.6
84089;Pertuis;11.8
84091;Piolenc;8
84092;Le Pontet;15.4
84099;Robion;6.8
84122;Sarrians;7.7
84123;Sault;8.5
84129;Sorgues;6.3
84132;Le Thor;7.4
84133;La Tour-d'Aigues;12.3
84137;Vaison-la-Romaine;10.1
84138;Valréas;8
84141;Vedène;7.6
85001;L'Aiguillon-sur-Mer;7.8
85003;Aizenay;7.7
85018;Beauvoir-sur-Mer;6.7
85035;Bretignolles-sur-Mer;9.6
85047;Challans;9.3
85051;Chantonnay;6.6
85059;La Châtaigneraie;4.3
85060;Château-d'Olonne;0
85084;Essarts en Bocage;5.6
85092;Fontenay-le-Comte;7
85109;Les Herbiers;7.1
85113;L'Île-d'Yeu;0
85114;Jard-sur-Mer;7.6
85128;Luçon;6.8
85135;Mareuil-sur-Lay-Dissais;6.1
85146;Montaigu;7.8
85151;Mortagne-sur-Sèvre;6.5
85152;Les Achards;6
85156;Moutiers-les-Mauxfaits;3.3
85163;Noirmoutier-en-l'Île;11.6
85166;Olonne-sur-Mer;6.1
85178;Le Poiré-sur-Vie;5.6
85182;Pouzauges;4.5
85191;La Roche-sur-Yon;9.3
85194;Les Sables-d'Olonne;10.7
85215;Saint-Fulgent;4.9
85223;Sainte-Hermine;6.5
85226;Saint-Hilaire-de-Riez;8.2
85234;Saint-Jean-de-Monts;8.9
85288;Talmont-Saint-Hilaire;6.4
85294;La Tranche-sur-Mer;10.8
86041;Buxerolles;12.7
86062;Chasseneuil-du-Poitou;6.9
86066;Châtellerault;10.2
86070;Chauvigny;8.7
86078;Civray;10.6
86082;Couhé;8.7
86103;Gençay;6.1
86112;L'Isle-Jourdain;13.4
86115;Jaunay-Marigny;8.9
86128;Lencloître;7.7
86137;Loudun;6
86139;Lusignan;9.7
86140;Lussac-les-Châteaux;8.9
86158;Migné-Auxances;8.8
86160;Mirebeau;9.1
86165;Montmorillon;11.7
86177;Neuville-de-Poitou;9.3
86194;Poitiers;11.2
86207;La Roche-Posay;8.7
86214;Saint-Benoît;10.5
86293;Vivonne;10
86294;Vouillé;7.6
87001;Aixe-sur-Vienne;10.4
87002;Ambazac;7.2
87011;Bellac;8
87014;Bessines-sur-Gartempe;12.6
87032;Châlus;11.7
87040;Châteauneuf-la-Forêt;9.3
87041;Châteauponsac;14.6
87050;Couzeix;9.6
87059;Le Dorat;8
87064;Eymoutiers;15.6
87065;Feytiat;10.7
87075;Isle;9.7
87085;Limoges;16
87106;Nexon;9.2
87114;Panazol;9.7
87126;Rochechouart;9.6
87154;Saint-Junien;9.8
87161;Saint-Léonard-de-Noblat;10.7
87187;Saint-Yrieix-la-Perche;9.1
88075;La Bresse;8.3
88078;Bruyères;7.1
88090;Charmes;7
88095;Châtenois;8.2
88114;Contrexéville;7.3
88160;Épinal;10.8
88181;Fraize;6.6
88196;Gérardmer;8.8
88209;Golbey;6.8
88304;Mirecourt;10.4
88319;Moyenmoutier;10
88321;Neufchâteau;7.6
88367;Rambervillers;7.5
88372;Raon-l'Étape;6.8
88383;Remiremont;9.2
88413;Saint-Dié-des-Vosges;9.8
88465;Capavenir Vosges;7.2
88468;Le Thillot;8.5
88516;Vittel;9.5
89003;Montholon;4.6
89024;Auxerre;9.1
89025;Avallon;8.6
89068;Chablis;9.3
89086;Charny Orée de Puisaye;4.2
89206;Joigny;6.4
89257;Migennes;6.7
89263;Monéteau;6.9
89309;Pont-sur-Yonne;4.8
89345;Saint-Florentin;8.5
89368;Saint-Sauveur-en-Puisaye;6.4
89387;Sens;9.1
89418;Tonnerre;8
89419;Toucy;5.8
89464;Villeneuve-sur-Yonne;4.5
90009;Beaucourt;4.6
90010;Belfort;8.6
90033;Delle;7
90052;Giromagny;11.5
90099;Valdoie;5.4
91016;Angerville;7.7
91021;Arpajon;6.2
91027;Athis-Mons;8.6
91045;Ballancourt-sur-Essonne;5.1
91086;Bondoufle;5.7
91097;Boussy-Saint-Antoine;9.2
91103;Brétigny-sur-Orge;4.4
91105;Breuillet;3.6
91114;Brunoy;8.4
91122;Bures-sur-Yvette;8.1
91161;Chilly-Mazarin;6.2
91174;Corbeil-Essonnes;6.1
91191;Crosne;5.5
91200;Dourdan;4.6
91201;Draveil;5.1
91207;Égly;11.7
91215;Épinay-sous-Sénart;8
91216;Épinay-sur-Orge;7.3
91223;Étampes;6.6
91226;Étréchy;7.9
91228;Évry;8.1
91272;Gif-sur-Yvette;7.8
91286;Grigny;4.2
91312;Igny;5.8
91326;Juvisy-sur-Orge;5.6
91338;Limours;5.5
91340;Lisses;4.7
91345;Longjumeau;8.7
91377;Massy;7.9
91386;Mennecy;13.2
91405;Milly-la-Forêt;8.6
91421;Montgeron;11
91425;Montlhéry;4.5
91432;Morangis;7.2
91434;Morsang-sur-Orge;7.5
91471;Orsay;8.5
91477;Palaiseau;5.9
91479;Paray-Vieille-Poste;7.3
91514;Quincy-sous-Sénart;15.9
91521;Ris-Orangis;6.2
91540;Saint-Chéron;5.9
91549;Sainte-Geneviève-des-Bois;8.4
91570;Saint-Michel-sur-Orge;7
91573;Saint-Pierre-du-Perray;3.4
91589;Savigny-sur-Orge;6.2
91600;Soisy-sur-Seine;6.8
91645;Verrières-le-Buisson;8.3
91657;Vigneux-sur-Seine;6.8
91659;Villabé;2.7
91661;Villebon-sur-Yvette;8.7
91665;La Ville-du-Bois;7.5
91687;Viry-Châtillon;6.7
91691;Yerres;9.7
91692;Les Ulis;9
92002;Antony;10.9
92004;Asnières-sur-Seine;5.6
92007;Bagneux;5.7
92009;Bois-Colombes;4.6
92012;Boulogne-Billancourt;12.5
92014;Bourg-la-Reine;11.1
92019;Châtenay-Malabry;4.5
92020;Châtillon;6.2
92022;Chaville;7.6
92023;Clamart;6.5
92024;Clichy;5.2
92025;Colombes;5
92026;Courbevoie;7
92032;Fontenay-aux-Roses;5.2
92033;Garches;6.8
92035;La Garenne-Colombes;5.8
92036;Gennevilliers;8.3
92040;Issy-les-Moulineaux;8.3
92044;Levallois-Perret;8.9
92046;Malakoff;4.9
92048;Meudon;8.1
92049;Montrouge;6.1
92050;Nanterre;5.3
92051;Neuilly-sur-Seine;11
92060;Le Plessis-Robinson;9.7
92062;Puteaux;7.4
92063;Rueil-Malmaison;6.9
92064;Saint-Cloud;8.2
92071;Sceaux;7.2
92072;Sèvres;6
92073;Suresnes;6.2
92075;Vanves;4.7
92076;Vaucresson;6.9
92077;Ville-d'Avray;3.8
92078;Villeneuve-la-Garenne;6.2
93001;Aubervilliers;6.4
93005;Aulnay-sous-Bois;6.3
93006;Bagnolet;5.6
93007;Le Blanc-Mesnil;5.9
93008;Bobigny;5.2
93010;Bondy;13
93013;Le Bourget;6.8
93014;Clichy-sous-Bois;6
93027;La Courneuve;4.2
93029;Drancy;4.6
93031;Épinay-sur-Seine;5.8
93032;Gagny;6.9
93045;Les Lilas;8.3
93046;Livry-Gargan;7.3
93047;Montfermeil;6.9
93048;Montreuil;5.5
93049;Neuilly-Plaisance;5.2
93050;Neuilly-sur-Marne;4.6
93051;Noisy-le-Grand;5.4
93053;Noisy-le-Sec;4.9
93055;Pantin;4.9
93057;Les Pavillons-sous-Bois;7.8
93059;Pierrefitte-sur-Seine;4.4
93061;Le Pré-Saint-Gervais;7.4
93062;Le Raincy;16.7
93063;Romainville;5.9
93064;Rosny-sous-Bois;7.9
93066;Saint-Denis;5.5
93070;Saint-Ouen;4.8
93071;Sevran;7.2
93072;Stains;7.4
93073;Tremblay-en-France;6.6
93077;Villemomble;4.7
93078;Villepinte;6.4
93079;Villetaneuse;5.6
94002;Alfortville;5.1
94003;Arcueil;5.7
94004;Boissy-Saint-Léger;5.6
94011;Bonneuil-sur-Marne;4.7
94015;Bry-sur-Marne;12.1
94016;Cachan;3.7
94017;Champigny-sur-Marne;8
94018;Charenton-le-Pont;8.8
94019;Chennevières-sur-Marne;6.1
94021;Chevilly-Larue;5.2
94022;Choisy-le-Roi;5.5
94028;Créteil;7.6
94033;Fontenay-sous-Bois;6
94034;Fresnes;6
94037;Gentilly;7.3
94038;L'Haÿ-les-Roses;4.5
94041;Ivry-sur-Seine;5.5
94042;Joinville-le-Pont;7.6
94043;Le Kremlin-Bicêtre;4.3
94044;Limeil-Brévannes;3.6
94046;Maisons-Alfort;7.3
94048;Marolles-en-Brie;6.9
94052;Nogent-sur-Marne;8.6
94054;Orly;5.3
94055;Ormesson-sur-Marne;6.1
94058;Le Perreux-sur-Marne;7.4
94059;Le Plessis-Trévise;7.6
94060;La Queue-en-Brie;6.7
94067;Saint-Mandé;7.6
94068;Saint-Maur-des-Fossés;11.4
94069;Saint-Maurice;6.1
94071;Sucy-en-Brie;7.3
94073;Thiais;6.2
94074;Valenton;7.5
94075;Villecresnes;8.3
94076;Villejuif;5.9
94077;Villeneuve-le-Roi;5.1
94078;Villeneuve-Saint-Georges;4.9
94079;Villiers-sur-Marne;5
94080;Vincennes;9
94081;Vitry-sur-Seine;6.7
95018;Argenteuil;4.8
95019;Arnouville;9.1
95039;Auvers-sur-Oise;3.4
95051;Beauchamp;5.7
95052;Beaumont-sur-Oise;7.6
95063;Bezons;5.3
95127;Cergy;7
95176;Cormeilles-en-Parisis;5.6
95197;Deuil-la-Barre;5.5
95199;Domont;8.9
95203;Eaubonne;8.3
95210;Enghien-les-Bains;23.2
95218;Éragny;3.8
95219;Ermont;10.4
95229;Ézanville;3.8
95250;Fosses;4.8
95252;Franconville;7.3
95268;Garges-lès-Gonesse;4.7
95277;Gonesse;4.6
95280;Goussainville;5.9
95306;Herblay;4.3
95313;L'Isle-Adam;9.4
95323;Jouy-le-Moutier;8.3
95351;Louvres;6.9
95355;Magny-en-Vexin;7.2
95370;Marines;4.9
95394;Méry-sur-Oise;4
95424;Montigny-lès-Cormeilles;4.7
95427;Montmagny;8
95428;Montmorency;5.1
95476;Osny;6.4
95487;Persan;4.8
95488;Pierrelaye;4.9
95491;Le Plessis-Bouchard;3.7
95500;Pontoise;14.8
95527;Roissy-en-France;6
95539;Saint-Brice-sous-Forêt;7.7
95555;Saint-Gratien;5.7
95563;Saint-Leu-la-Forêt;22.6
95572;Saint-Ouen-l'Aumône;4.5
95582;Sannois;6.7
95585;Sarcelles;8.1
95598;Soisy-sous-Montmorency;7.2
95607;Taverny;5.9
95637;Vauréal;5.7
95652;Viarmes;9.2
95680;Villiers-le-Bel;6.8
97101;Les Abymes;8
97102;Anse-Bertrand;3.9
97103;Baie-Mahault;10.5
97104;Baillif;5.3
97105;Basse-Terre;22.2
97106;Bouillante;5.4
97107;Capesterre-Belle-Eau;5.2
97109;Gourbeyre;6.4
97110;La Désirade;6.7
97112;Grand-Bourg;7.2
97113;Le Gosier;7.2
97115;Lamentin;5
97116;Morne-à-l'Eau;5.2
97117;Le Moule;5.4
97118;Petit-Bourg;5.4
97119;Petit-Canal;4.9
97120;Pointe-à-Pitre;19.1
97121;Pointe-Noire;7.8
97122;Port-Louis;1.7
97124;Saint-Claude;5.8
97125;Saint-François;11.8
97128;Sainte-Anne;4.9
97129;Sainte-Rose;5.8
97130;Terre-de-Bas;9.3
97131;Terre-de-Haut;6
97132;Trois-Rivières;5.9
97133;Vieux-Fort;0
97134;Vieux-Habitants;5.4
97202;Les Anses-d'Arlet;5.2
97204;Le Carbet;8
97205;Case-Pilote;6.7
97206;Le Diamant;9.8
97207;Ducos;5.6
97208;Fonds-Saint-Denis;0
97209;Fort-de-France;11.5
97210;Le François;7.3
97212;Gros-Morne;6.1
97213;Le Lamentin;6.8
97217;Le Marin;10.1
97218;Le Morne-Rouge;7.9
97219;Le Prêcheur;6.5
97220;Rivière-Pilote;5.8
97221;Rivière-Salée;7.2
97222;Le Robert;5.6
97223;Saint-Esprit;3.2
97224;Saint-Joseph;5.3
97225;Saint-Pierre;11.8
97226;Sainte-Anne;4.6
97227;Sainte-Luce;6.1
97228;Sainte-Marie;7
97229;Schoelcher;8.5
97231;Les Trois-Îlets;7.7
97232;Le Vauclin;5.5
97233;Le Morne-Vert;0
97234;Bellefontaine;0
97301;Régina;0
97302;Cayenne;7.3
97304;Kourou;6.8
97305;Macouria;2.7
97306;Mana;3
97307;Matoury;3.4
97308;Saint-Georges;2.5
97309;Remire-Montjoly;6
97310;Roura;0
97311;Saint-Laurent-du-Maroni;3.8
97313;Montsinéry-Tonnegrande;0
97314;Ouanary;0
97352;Saül;0
97353;Maripasoula;0
97356;Camopi;0
97357;Grand-Santi;0
97360;Apatou;1.2
97361;Awala-Yalimapo;0
97362;Papaichton;0
97402;Bras-Panon;9.3
97403;Entre-Deux;7.5
97404;L'Étang-Salé;9.4
97405;Petite-Île;10.8
97406;La Plaine-des-Palmistes;5
97407;Le Port;14.3
97408;La Possession;7.4
97409;Saint-André;8.6
97410;Saint-Benoît;8.2
97411;Saint-Denis;10.6
97412;Saint-Joseph;8.7
97413;Saint-Leu;9.8
97414;Saint-Louis;10.4
97415;Saint-Paul;11.1
97416;Saint-Pierre;12.7
97418;Sainte-Marie;7
97419;Sainte-Rose;7.4
97420;Sainte-Suzanne;6.2
97421;Salazie;7
97422;Le Tampon;9.2
97423;Les Trois-Bassins;9.7
97424;Cilaos;5.7
97601;Acoua;0
97602;Bandraboua;0
97603;Bandrele;0
97604;Bouéni;0
97605;Chiconi;0
97606;Chirongui;1.2
97607;Dembeni;0
97608;Dzaoudzi;0.7
97609;Kani-Kéli;0
97610;Koungou;0.4
97611;Mamoudzou;3.8
97612;Mtsamboro;0
97613;M'Tsangamouji;0
97614;Ouangani;0
97615;Pamandzi;0
97616;Sada;1
97617;Tsingoni;0
